-- MySQL dump 10.13  Distrib 8.0.34, for Win64 (x86_64)
--
-- Host: 127.0.0.1    Database: ct_warehouse
-- ------------------------------------------------------
-- Server version	8.0.34

/*!40101 SET @OLD_CHARACTER_SET_CLIENT=@@CHARACTER_SET_CLIENT */;
/*!40101 SET @OLD_CHARACTER_SET_RESULTS=@@CHARACTER_SET_RESULTS */;
/*!40101 SET @OLD_COLLATION_CONNECTION=@@COLLATION_CONNECTION */;
/*!50503 SET NAMES utf8 */;
/*!40103 SET @OLD_TIME_ZONE=@@TIME_ZONE */;
/*!40103 SET TIME_ZONE='+00:00' */;
/*!40014 SET @OLD_UNIQUE_CHECKS=@@UNIQUE_CHECKS, UNIQUE_CHECKS=0 */;
/*!40014 SET @OLD_FOREIGN_KEY_CHECKS=@@FOREIGN_KEY_CHECKS, FOREIGN_KEY_CHECKS=0 */;
/*!40101 SET @OLD_SQL_MODE=@@SQL_MODE, SQL_MODE='NO_AUTO_VALUE_ON_ZERO' */;
/*!40111 SET @OLD_SQL_NOTES=@@SQL_NOTES, SQL_NOTES=0 */;

--
-- Table structure for table `category`
--

DROP TABLE IF EXISTS `category`;
/*!40101 SET @saved_cs_client     = @@character_set_client */;
/*!50503 SET character_set_client = utf8mb4 */;
CREATE TABLE `category` (
  `id` varchar(40) NOT NULL,
  `Code` varchar(40) DEFAULT NULL,
  `name` varchar(255) DEFAULT NULL,
  `comment` varchar(255) DEFAULT NULL,
  PRIMARY KEY (`id`)
) ENGINE=InnoDB DEFAULT CHARSET=utf8mb4 COLLATE=utf8mb4_0900_ai_ci;
/*!40101 SET character_set_client = @saved_cs_client */;

--
-- Dumping data for table `category`
--

LOCK TABLES `category` WRITE;
/*!40000 ALTER TABLE `category` DISABLE KEYS */;
/*!40000 ALTER TABLE `category` ENABLE KEYS */;
UNLOCK TABLES;

--
-- Table structure for table `colors`
--

DROP TABLE IF EXISTS `colors`;
/*!40101 SET @saved_cs_client     = @@character_set_client */;
/*!50503 SET character_set_client = utf8mb4 */;
CREATE TABLE `colors` (
  `id` varchar(50) DEFAULT NULL,
  `name` varchar(50) DEFAULT NULL,
  `addition` decimal(10,0) DEFAULT NULL,
  `idProduct` varchar(50) DEFAULT NULL,
  `image` varchar(255) DEFAULT NULL
) ENGINE=InnoDB DEFAULT CHARSET=utf8mb4 COLLATE=utf8mb4_0900_ai_ci;
/*!40101 SET character_set_client = @saved_cs_client */;

--
-- Dumping data for table `colors`
--

LOCK TABLES `colors` WRITE;
/*!40000 ALTER TABLE `colors` DISABLE KEYS */;
INSERT INTO `colors` VALUES ('459e40dc-7357-4d35-bc78-5fb1b8889743','Pink',68256,'ef5d4f88-6b08-41dc-8419-946a28f0a77c','assets/food_10.jpg'),('1d0531a8-ed89-4ec9-911c-d567c277fd70','Blue',127587,'ef5d4f88-6b08-41dc-8419-946a28f0a77c','assets/food_3.jpg'),('0ca228aa-aa33-45d0-be5a-d5c92c031419','Brown',78431,'ef5d4f88-6b08-41dc-8419-946a28f0a77c','assets/food_8.jpg'),('0bbf6ca1-f335-48f8-b9cb-6d360570fc27','White',219536,'516c22a3-ed9a-4d6d-8bb8-bb176bde9224','assets/food_14.jpg'),('93c4e8e9-b90e-46f1-8a90-93397c7bfe84','Brown',191740,'516c22a3-ed9a-4d6d-8bb8-bb176bde9224','assets/food_7.jpg'),('49ed0f7f-a8b4-4035-ba97-70df50df3d15','Yellow',242431,'516c22a3-ed9a-4d6d-8bb8-bb176bde9224','assets/food_2.jpg'),('dd471795-5bd0-4a66-8b6e-fdcf5d4d6186','Blue',206490,'4d35c03a-daab-40b5-923c-3e5d5bbaefb2','assets/food_3.jpg'),('0145c80e-b3c7-4e27-8d2d-ec2bfcf36b04','Yellow',164113,'4d35c03a-daab-40b5-923c-3e5d5bbaefb2','assets/food_8.jpg'),('91d8b0aa-193b-4f2e-bbe2-42d7bb1ab29c','White',216121,'05ccd690-84c1-4f1b-a2a2-42da37c6e372','assets/food_13.jpg'),('0aa61987-aa08-4d8d-b034-8e964472f42b','Brown',56634,'05ccd690-84c1-4f1b-a2a2-42da37c6e372','assets/food_11.jpg'),('3b30d162-74b4-4811-8093-39efe07d1cc4','Yellow',160615,'05ccd690-84c1-4f1b-a2a2-42da37c6e372','assets/food_3.jpg'),('a3a46871-0c60-4d35-9dca-3d39ff8a0bc6','Yellow',79767,'9b2870eb-a885-45a9-b608-9c197688f37d','assets/food_11.jpg'),('a2c6968d-f5e7-43a9-91f4-030a406bd5ca','White',240936,'2500bbd1-fb30-4b8c-9c78-544fcdab4bd5','assets/food_10.jpg'),('f4d93bcf-e8e3-4f1c-848f-bfdbac817334','Black',51715,'2500bbd1-fb30-4b8c-9c78-544fcdab4bd5','assets/food_5.jpg'),('42d269b6-18d3-4bbd-9a99-d10ef57c98e0','Pink',64235,'2500bbd1-fb30-4b8c-9c78-544fcdab4bd5','assets/food_15.jpg'),('6b54318f-39df-4204-a215-ba2d74fc1ccd','Blue',82204,'2500bbd1-fb30-4b8c-9c78-544fcdab4bd5','assets/food_15.jpg'),('e69946d8-4d3c-4a12-b142-39dcd761e83e','Brown',76723,'2500bbd1-fb30-4b8c-9c78-544fcdab4bd5','assets/food_4.jpg'),('32be7aca-d33c-476a-bad0-d51391c5f4cb','Yellow',205302,'2500bbd1-fb30-4b8c-9c78-544fcdab4bd5','assets/food_11.jpg'),('cefd822d-79aa-4521-a339-2f25fc6955cc','Black',190327,'517a6bb5-26bd-43a0-8966-1c1b3adac4d7','assets/food_14.jpg'),('82b41ae6-b535-4948-a4c4-dec758ce3a9f','Blue',108987,'517a6bb5-26bd-43a0-8966-1c1b3adac4d7','assets/food_10.jpg'),('5644b120-9780-49a9-8993-bf891dc25114','Yellow',229872,'517a6bb5-26bd-43a0-8966-1c1b3adac4d7','assets/food_11.jpg'),('0c526416-2fee-484c-a497-570a623fa664','White',67412,'2a7e306a-beb5-493c-b52c-b909468d61ee','assets/food_0.jpg'),('b3429b26-9643-452e-b8c2-b1a43cb6ac04','Pink',72525,'2a7e306a-beb5-493c-b52c-b909468d61ee','assets/food_14.jpg'),('a715574b-6218-416a-a865-5fdb74dc2a15','Brown',92433,'2a7e306a-beb5-493c-b52c-b909468d61ee','assets/food_4.jpg'),('387b44b0-070e-47b7-8ca3-bef7b58ce815','White',205560,'2ffac7a7-b58f-4bf7-af9a-eb6f13f35cdd','assets/food_12.jpg'),('5894cdc2-8b77-46aa-8c12-2b5f5a480c7d','Black',206229,'2ffac7a7-b58f-4bf7-af9a-eb6f13f35cdd','assets/food_1.jpg'),('f6f5e31a-6a44-4fa0-b009-de3496239681','Blue',195791,'2ffac7a7-b58f-4bf7-af9a-eb6f13f35cdd','assets/food_0.jpg'),('b1c3bf87-c094-4d67-809d-2d4ff4229d72','White',176606,'00474ba4-da19-43a6-b980-9e2b439e992e','assets/food_3.jpg'),('3402a2b7-7728-4f95-a85c-4fd295cbe655','Black',199082,'00474ba4-da19-43a6-b980-9e2b439e992e','assets/food_13.jpg'),('8cf15cfb-abcc-41db-96c0-1bd5515f908c','Pink',58632,'00474ba4-da19-43a6-b980-9e2b439e992e','assets/food_11.jpg'),('3f094d40-0f0e-4dd2-be4d-e9fc921f802d','Blue',128248,'00474ba4-da19-43a6-b980-9e2b439e992e','assets/food_7.jpg'),('4883935d-fa46-4728-a08d-c0e22f115618','Brown',150470,'00474ba4-da19-43a6-b980-9e2b439e992e','assets/food_15.jpg'),('7cc7d053-0e06-45a5-8fc0-42dbede047c1','Yellow',138731,'00474ba4-da19-43a6-b980-9e2b439e992e','assets/food_10.jpg'),('2bc24654-78ed-4b77-ba57-e91185204476','Black',201452,'fa9be0dc-66a4-44e1-861f-dc4f8f8820df','assets/food_9.jpg'),('a6879385-420b-49a6-b280-5e78d953d6be','Brown',58936,'fa9be0dc-66a4-44e1-861f-dc4f8f8820df','assets/food_4.jpg'),('e9e08a28-63eb-4ff0-ab0d-154658015337','White',103806,'6d241735-3a58-4e62-8442-284b029ef7d0','assets/food_6.jpg'),('4aa62946-0748-4db2-bbda-3e055ca1c0d8','Black',83297,'6d241735-3a58-4e62-8442-284b029ef7d0','assets/food_6.jpg'),('aad2bcf9-15c8-4597-be31-5c3c5109ee69','Pink',187864,'6d241735-3a58-4e62-8442-284b029ef7d0','assets/food_9.jpg'),('4dbcdadd-7bcc-4daf-918b-dc4c3e9a9edc','Blue',210742,'6d241735-3a58-4e62-8442-284b029ef7d0','assets/food_5.jpg'),('4e18d1f3-9d1b-44b0-b4bb-21c1fe6ab2cf','Yellow',215819,'6d241735-3a58-4e62-8442-284b029ef7d0','assets/food_12.jpg'),('2700104e-c2f7-4c95-9240-50d2a4113b27','Black',55979,'b4f8b2b5-c138-43b2-9a6a-0b04e9a88865','assets/food_4.jpg'),('8e79d95b-7622-45f3-b6f8-3f697e360688','Blue',223774,'b4f8b2b5-c138-43b2-9a6a-0b04e9a88865','assets/food_6.jpg'),('6a37979b-58ca-4884-80f7-ca40713ec491','Yellow',50988,'b4f8b2b5-c138-43b2-9a6a-0b04e9a88865','assets/food_9.jpg'),('aff6100e-5b4f-40ba-93fc-44f90b683467','White',142089,'1a96ec87-888c-45cf-88fa-b415692d7915','assets/food_2.jpg'),('483020ac-b415-4f15-84bb-0f0ddb9dbc3c','Black',109598,'1a96ec87-888c-45cf-88fa-b415692d7915','assets/food_3.jpg'),('469f6615-b185-45b6-9361-605fa196981c','Pink',176614,'1a96ec87-888c-45cf-88fa-b415692d7915','assets/food_10.jpg'),('80eaf0c5-d618-4173-a77f-f8f5cd45a40b','Pink',107130,'022907d1-d7b1-482c-9ed2-62a289ccceee','assets/food_6.jpg'),('6ad36c95-c854-4c61-a4cf-ddaed50b72c0','Blue',97390,'022907d1-d7b1-482c-9ed2-62a289ccceee','assets/food_4.jpg'),('95196192-05af-468a-9eb4-a2d14b932034','Brown',204077,'022907d1-d7b1-482c-9ed2-62a289ccceee','assets/food_10.jpg'),('b096b55d-c383-4390-bcb2-fd9a52851405','Yellow',228576,'022907d1-d7b1-482c-9ed2-62a289ccceee','assets/food_1.jpg'),('ff659c5b-e4ce-4f36-bf10-476f9993af6e','White',68534,'699c8984-3ac5-4f0f-9e85-59643926838b','assets/food_14.jpg'),('70499805-743f-4eed-a2e9-76f9cbb5bee5','Black',135949,'699c8984-3ac5-4f0f-9e85-59643926838b','assets/food_4.jpg'),('90820824-b55d-48d6-a7c3-6189ca830229','Pink',201991,'699c8984-3ac5-4f0f-9e85-59643926838b','assets/food_12.jpg'),('b3158759-146b-40f4-a6f6-9a074ef5e505','Blue',191038,'699c8984-3ac5-4f0f-9e85-59643926838b','assets/food_7.jpg'),('9a3ac6ea-fe91-4800-aa79-d30c68806421','Brown',206406,'699c8984-3ac5-4f0f-9e85-59643926838b','assets/food_6.jpg'),('1f008870-25bf-43cd-b69b-64635bda1173','White',248429,'3226d8c0-e969-4bfb-92b9-3ae065821de5','assets/food_5.jpg'),('ba7a9132-d390-4f2e-ba5c-f78a643f3054','Pink',163407,'3226d8c0-e969-4bfb-92b9-3ae065821de5','assets/food_10.jpg'),('2c091530-1e60-4454-8e3e-a714a86bf675','Blue',155669,'3226d8c0-e969-4bfb-92b9-3ae065821de5','assets/food_14.jpg'),('ae6dc7fe-fb46-46c0-850c-ca9758197b69','Brown',131400,'3226d8c0-e969-4bfb-92b9-3ae065821de5','assets/food_5.jpg'),('577fb65a-19f9-4f1a-bc17-2420905e173a','Pink',135591,'a058383d-382c-4cc4-a686-a714e1363489','assets/food_15.jpg'),('dd554862-bb13-441c-835e-5d89fcf8bc3f','Brown',244335,'a058383d-382c-4cc4-a686-a714e1363489','assets/food_2.jpg'),('27eae5f9-7caf-4a2a-98bd-b64fecf588b5','Yellow',187667,'a058383d-382c-4cc4-a686-a714e1363489','assets/food_1.jpg'),('50fe5371-5c30-4c9c-8d00-e711d7ae46f6','White',140742,'201dffd5-bc08-499c-b345-8dd21a344bdb','assets/food_5.jpg'),('d124259d-d2a4-4719-9686-c8a184a54bba','Blue',74569,'201dffd5-bc08-499c-b345-8dd21a344bdb','assets/food_15.jpg'),('62c563a1-0cbd-49a3-8f2b-223b59896249','Brown',127613,'201dffd5-bc08-499c-b345-8dd21a344bdb','assets/food_12.jpg'),('3d3255d3-5a41-4d8f-8422-36b24ae21486','Yellow',72172,'201dffd5-bc08-499c-b345-8dd21a344bdb','assets/food_12.jpg'),('2d60db7d-e62d-4467-8fb8-387b2becbf35','White',210171,'b992896e-70fc-4ada-a690-ca0a40e3cb0c','assets/food_1.jpg'),('42314ae0-8ce8-440c-9f80-7c24c054d15b','Pink',204138,'b992896e-70fc-4ada-a690-ca0a40e3cb0c','assets/food_15.jpg'),('0265bc9d-e62c-45fb-90ae-e7a9e4b16443','Blue',166445,'b992896e-70fc-4ada-a690-ca0a40e3cb0c','assets/food_4.jpg'),('fc1bd8c8-1a3e-45e9-b9ee-abe99d1dbd9b','Yellow',88962,'b992896e-70fc-4ada-a690-ca0a40e3cb0c','assets/food_5.jpg'),('99f361f9-76c4-4a32-9d75-9ea41447e2e4','White',239431,'cf20eefa-360b-4fbe-a579-6023b52950e0','assets/food_2.jpg'),('4b056325-5df6-41fd-902a-370d3f276bf6','Yellow',217499,'cf20eefa-360b-4fbe-a579-6023b52950e0','assets/food_10.jpg'),('3f7f61de-5d43-4ed0-b354-61c309889b7a','White',156554,'c3b355bf-60a7-455a-bc6e-76fa8340884c','assets/food_12.jpg'),('98bddcc6-ba21-45ef-bc06-ea62377902f7','Yellow',207340,'c3b355bf-60a7-455a-bc6e-76fa8340884c','assets/food_0.jpg'),('da08ccdd-b2d0-4b86-b9d0-d307f04b91c5','Pink',102974,'eb9e209c-390e-4c7f-8456-2f7f1cad027b','assets/food_15.jpg'),('a4ce446b-3d3f-4ece-8eda-39a12aaadd20','Blue',220072,'eb9e209c-390e-4c7f-8456-2f7f1cad027b','assets/food_13.jpg'),('009c704f-bcec-42f8-bcfd-c0b609627f78','Brown',60696,'eb9e209c-390e-4c7f-8456-2f7f1cad027b','assets/food_1.jpg'),('b5c52b13-244f-420c-ac82-8524fe18ec76','Yellow',224077,'eb9e209c-390e-4c7f-8456-2f7f1cad027b','assets/food_12.jpg'),('95f96391-1b07-4662-9c32-1ec3cd903204','White',74838,'ca4a6717-b001-45d4-a740-3838519e2aa7','assets/food_15.jpg'),('eed810d0-d113-41e6-9e07-25356b5523ba','Pink',221960,'ca4a6717-b001-45d4-a740-3838519e2aa7','assets/food_4.jpg'),('1144888f-884e-49e1-be5f-a72b335af4f4','Yellow',143436,'ca4a6717-b001-45d4-a740-3838519e2aa7','assets/food_1.jpg'),('a538258b-0164-47c7-abb0-22b12701d4e2','White',75259,'8ad7deda-a6e2-44c4-b302-481a7b3a1d68','assets/food_10.jpg'),('ca33a3e0-7d3a-493f-a272-3b5fa20de02a','Pink',96195,'8ad7deda-a6e2-44c4-b302-481a7b3a1d68','assets/food_8.jpg'),('2b8500e9-cb69-4c17-847d-922df7841d43','Blue',112458,'8ad7deda-a6e2-44c4-b302-481a7b3a1d68','assets/food_13.jpg'),('02536b0e-1794-4fc7-b7fe-cfd8e1ca0710','Yellow',140784,'8ad7deda-a6e2-44c4-b302-481a7b3a1d68','assets/food_7.jpg'),('b0524794-bc10-4598-bf4a-47bda0d5d63d','Black',65860,'63f4c517-9cdb-4edf-8301-51cf6b31e61b','assets/food_6.jpg'),('a5d9e415-6ae1-4790-8558-5ea6196ec777','Pink',165270,'63f4c517-9cdb-4edf-8301-51cf6b31e61b','assets/food_6.jpg'),('777d2050-610d-4e5e-ad3b-b521c14ea3de','Brown',245207,'63f4c517-9cdb-4edf-8301-51cf6b31e61b','assets/food_3.jpg'),('baac6d43-3f2e-4d2e-ba80-4157adc8d31a','Yellow',194957,'63f4c517-9cdb-4edf-8301-51cf6b31e61b','assets/food_2.jpg'),('595c6439-1a2a-478e-ad31-b30ebbb3dd44','Blue',234422,'f45b01ab-19fa-42e6-b179-d6596e215905','assets/food_10.jpg'),('29603e69-79ee-477f-b67e-ec6c881addb9','Yellow',101297,'f45b01ab-19fa-42e6-b179-d6596e215905','assets/food_7.jpg'),('942a20eb-2759-4ef7-8838-cd99ad16f557','White',103304,'fbe9a724-0177-4ab6-983a-59d18a5bbfc0','assets/food_6.jpg'),('e1157f8a-5da5-4adb-9a86-14862ad47519','Black',125383,'fbe9a724-0177-4ab6-983a-59d18a5bbfc0','assets/food_11.jpg'),('05f4d3a8-acb3-4174-8b02-f41c913d6dfb','Pink',205336,'fbe9a724-0177-4ab6-983a-59d18a5bbfc0','assets/food_8.jpg'),('08994efb-948f-41cc-bf77-912b196773bd','Brown',174582,'fbe9a724-0177-4ab6-983a-59d18a5bbfc0','assets/food_1.jpg'),('4a5cdc11-eee2-4041-ae52-9f6bd86eadc6','White',78936,'206be075-3450-482b-b2f4-e2d96b2e3499','assets/food_12.jpg'),('837752a2-abf3-449e-a6e5-005590ff3eb5','Pink',157540,'206be075-3450-482b-b2f4-e2d96b2e3499','assets/food_14.jpg'),('bd4c641f-7177-4cca-a84f-3f06eff73766','Blue',196031,'206be075-3450-482b-b2f4-e2d96b2e3499','assets/food_2.jpg'),('7ad91aab-a066-487b-b12f-f7e0a7af3e93','Yellow',71185,'206be075-3450-482b-b2f4-e2d96b2e3499','assets/food_13.jpg'),('ff6d856e-e9fb-4e73-a34f-b0cb66bdfb59','Yellow',58287,'b25dc772-4fc1-4f8b-ae1a-1a3a243e5937','assets/food_6.jpg'),('5f5f8123-b5a5-4c38-9899-262d31122e07','Black',96984,'1fdf42d6-1c6f-4048-a541-2d45d32621c6','assets/food_12.jpg'),('66a89ef8-a201-4608-97b8-17dbcf16c65a','Brown',65498,'1fdf42d6-1c6f-4048-a541-2d45d32621c6','assets/food_5.jpg'),('7a4cff3c-f14b-4a4d-b7bc-b56e96b35ed0','Yellow',84097,'1fdf42d6-1c6f-4048-a541-2d45d32621c6','assets/food_8.jpg'),('08e5f85d-238d-4f04-b25f-1c59934743fb','Black',197678,'bcd6206c-8732-4dd4-9110-1a7e08dd0233','assets/food_8.jpg'),('db796324-e2f1-4588-b24e-5c2275561b87','Blue',158103,'bcd6206c-8732-4dd4-9110-1a7e08dd0233','assets/food_15.jpg'),('28c32d05-1af1-48dc-908d-c707e3b680b5','Brown',50083,'bcd6206c-8732-4dd4-9110-1a7e08dd0233','assets/food_5.jpg'),('64203603-ccf5-4306-ae05-05e61debb2c7','Yellow',78800,'bcd6206c-8732-4dd4-9110-1a7e08dd0233','assets/food_6.jpg'),('a9a9c73b-5a27-447e-94e5-0abb452a83fa','White',79509,'b1743846-fe12-4e75-94d6-851cd9b44dbd','assets/food_12.jpg'),('61c04b5d-ea07-4acf-bfc1-ed385f117b19','Brown',225091,'b1743846-fe12-4e75-94d6-851cd9b44dbd','assets/food_2.jpg'),('03659cfb-f41a-4b59-a9a4-baa26d7c7bc5','Yellow',219927,'b1743846-fe12-4e75-94d6-851cd9b44dbd','assets/food_8.jpg'),('6a5f7ab2-d7bf-4d11-a866-3a191c7b48de','Black',115608,'2ad1f9f9-94c3-4799-9e05-95969e15d736','assets/food_14.jpg'),('9b0f888a-728b-4cb2-93cd-7842cc5c84dc','Blue',76666,'2ad1f9f9-94c3-4799-9e05-95969e15d736','assets/food_7.jpg'),('8abcc81e-0d38-4139-bcf6-a15062e287d0','Brown',134828,'2ad1f9f9-94c3-4799-9e05-95969e15d736','assets/food_7.jpg'),('819513cf-bd5b-4de6-b279-25030533e36a','Black',197812,'c938ddad-414e-4b35-b64a-7d7f29a4f1b3','assets/food_11.jpg'),('4c636a69-2d21-4359-ac89-715ec9eac964','Blue',53754,'c938ddad-414e-4b35-b64a-7d7f29a4f1b3','assets/food_10.jpg'),('2cdaf0e7-b208-4246-b7cb-7892ba07ea63','Brown',211818,'c938ddad-414e-4b35-b64a-7d7f29a4f1b3','assets/food_4.jpg'),('b468e1e4-b422-4878-9515-42dcaa263645','Black',67957,'b7db8a1a-4595-451c-957b-6977d93a8a31','assets/food_1.jpg'),('fce08733-8dd6-4507-87ff-0486e0a55063','Brown',185408,'b7db8a1a-4595-451c-957b-6977d93a8a31','assets/food_1.jpg'),('3fad5188-42c2-4c29-831b-fd179225d954','Yellow',96112,'b7db8a1a-4595-451c-957b-6977d93a8a31','assets/food_7.jpg'),('fbf9e8ea-beb0-4c03-9a50-98864330bc66','Brown',223380,'a61751e5-13e1-408d-bd34-b252ebad0655','assets/food_2.jpg'),('802a95c2-ef5d-466f-a9cd-fe27d376e825','Yellow',94994,'a61751e5-13e1-408d-bd34-b252ebad0655','assets/food_0.jpg'),('ea74f037-e8f0-40f8-93a2-30de6fc52380','White',155874,'6a760eeb-9e94-41ce-b872-8af05ba7a0bd','assets/food_3.jpg'),('8e3f2625-f3ed-452e-a4ff-a2bda4314b67','Blue',155175,'6a760eeb-9e94-41ce-b872-8af05ba7a0bd','assets/food_15.jpg'),('41d7ad9d-2051-46ea-bcd1-d4f4e372f0e3','Pink',243256,'8063eb88-981b-4b0b-809f-de8690e3a47a','assets/food_15.jpg'),('997b9d41-5b6f-4b5e-a585-76f5fc666f8b','Blue',132465,'8063eb88-981b-4b0b-809f-de8690e3a47a','assets/food_6.jpg'),('ac192de3-46c0-4bd5-946d-3f93ad93b101','Pink',114742,'3904309c-e3b5-4f63-a3e5-6953492774ac','assets/food_15.jpg'),('91c49349-9633-4a0b-b9ff-2ff61792679a','Blue',124444,'3904309c-e3b5-4f63-a3e5-6953492774ac','assets/food_1.jpg'),('61004437-5b7e-491a-a309-74da08e38f9d','Brown',231129,'3904309c-e3b5-4f63-a3e5-6953492774ac','assets/food_1.jpg'),('bf438268-a7b7-43ce-a122-4ed1c8efc19e','Black',225701,'dbdc98c1-b0c3-400e-a6d3-9ee0779b8787','assets/food_7.jpg'),('da8ad51e-83c9-487a-a6c8-f4fcd17ddd56','Pink',111637,'dbdc98c1-b0c3-400e-a6d3-9ee0779b8787','assets/food_1.jpg'),('5065108d-27a8-4d1a-80ed-8ce9d64c2a03','Blue',187385,'dbdc98c1-b0c3-400e-a6d3-9ee0779b8787','assets/food_0.jpg'),('de6673ee-27df-43d9-8c1e-d3a044342182','Yellow',89404,'dbdc98c1-b0c3-400e-a6d3-9ee0779b8787','assets/food_0.jpg'),('87500cca-dd92-4bdb-b6e8-08b0a2380160','Black',186588,'9c9a3f74-da23-49be-90be-ed3074e9744a','assets/food_7.jpg'),('d2680e4d-ec57-48c6-b2db-f6f6b16d60c8','Pink',235576,'9c9a3f74-da23-49be-90be-ed3074e9744a','assets/food_0.jpg'),('14ff5b9c-e301-429d-881a-e4394ed84419','Yellow',88396,'9c9a3f74-da23-49be-90be-ed3074e9744a','assets/food_14.jpg'),('23dcd8b4-ffce-42ba-80e1-78d296737655','Blue',148738,'c6e7aae2-5739-4a95-8305-9a62509adfe3','assets/food_14.jpg'),('ea99640c-abe5-4ac9-9e07-06435152ae0b','Black',120165,'d2bf7a0e-2bb1-4c12-bdb2-423ecffadc8c','assets/food_10.jpg'),('933ac2b0-a5f0-4548-93bc-dcbfa19d993d','Pink',194630,'d2bf7a0e-2bb1-4c12-bdb2-423ecffadc8c','assets/food_0.jpg'),('1d1b27c6-4459-40b0-898b-d906b2018748','Brown',207543,'00e85d12-4828-4c6c-967f-2c84c339e4d8','assets/food_14.jpg'),('8b27ca6c-a535-47a5-9aaf-a9c1e48998df','Yellow',161121,'00e85d12-4828-4c6c-967f-2c84c339e4d8','assets/food_4.jpg'),('4f1a5999-1fce-4029-856d-91ab84593c3b','Black',81593,'7bbae466-82ee-4a0f-b410-948b5764544f','assets/food_15.jpg'),('4463dd40-b4d0-4444-934d-195465769736','Pink',160188,'f5f01047-a93e-4bcb-8e02-d410a8fb2786','assets/food_15.jpg'),('be71352f-8445-497d-bd3a-d68ef32fe936','White',123741,'7239fad9-7a0f-4470-962b-77381874b80b','assets/food_8.jpg'),('6c959f41-1a82-4635-a561-9fa1da6823cc','Pink',179906,'7239fad9-7a0f-4470-962b-77381874b80b','assets/food_5.jpg'),('027f70e8-5836-4c81-9963-827fd711e2d4','Blue',161236,'7239fad9-7a0f-4470-962b-77381874b80b','assets/food_3.jpg'),('aa68751c-df9f-4636-af22-944e4bf604d0','Brown',147322,'7239fad9-7a0f-4470-962b-77381874b80b','assets/food_3.jpg'),('bde6cae2-cac3-47e7-a1ae-701a8a9d4e9e','Yellow',209823,'7239fad9-7a0f-4470-962b-77381874b80b','assets/food_11.jpg'),('ed9eccab-6ced-4596-97b8-497a084c86de','Pink',201803,'975b8db1-6416-4c38-80a0-ef8940cd6a05','assets/food_12.jpg'),('856cfc30-4c2a-4cde-ab8c-8e5363e8d115','Brown',164374,'975b8db1-6416-4c38-80a0-ef8940cd6a05','assets/food_1.jpg'),('75165494-3949-437b-b14c-2c19aaa62476','Yellow',150440,'975b8db1-6416-4c38-80a0-ef8940cd6a05','assets/food_3.jpg'),('cf2918a3-976b-45c4-9341-d77e58611c97','Pink',185297,'ce5e386b-5de5-4ce5-8268-856ace3dd947','assets/food_13.jpg'),('73b6302e-b9c7-4c47-ba29-8e08ad269767','Yellow',237945,'ce5e386b-5de5-4ce5-8268-856ace3dd947','assets/food_2.jpg'),('11f3970f-b949-4b74-9ad7-39512cccc5ec','Black',170151,'e187f9e1-b222-4ef0-bb3b-9c4aef9221b7','assets/food_1.jpg'),('e542a18d-6d11-45c6-bdff-ec6cc96d641c','Pink',116925,'e187f9e1-b222-4ef0-bb3b-9c4aef9221b7','assets/food_7.jpg'),('681d2558-a66d-43a3-b226-433fe5c20f3f','White',50130,'cce77f2a-442f-459b-8e4c-9f27f70d6b43','assets/food_12.jpg'),('9c760db8-45ad-45ba-8bef-acd2f3518f9f','Black',220433,'cce77f2a-442f-459b-8e4c-9f27f70d6b43','assets/food_10.jpg'),('c71f526e-5ba0-4fe1-b92a-11d6c28b0e98','Pink',96447,'cce77f2a-442f-459b-8e4c-9f27f70d6b43','assets/food_0.jpg'),('6b841f7c-d667-4a18-addd-2e5152326c92','Blue',50670,'cce77f2a-442f-459b-8e4c-9f27f70d6b43','assets/food_6.jpg'),('ba85a173-5ca6-47e9-8f6b-cd9a94cbc4ae','White',171526,'923c69dc-3792-432a-9933-447bbb7a32c8','assets/food_15.jpg'),('65e7cf98-377e-4e5d-aa6f-1934f4ade2a5','Black',222207,'923c69dc-3792-432a-9933-447bbb7a32c8','assets/food_5.jpg'),('648c7db2-1d7c-443a-891b-eeba8883b41f','Blue',52466,'923c69dc-3792-432a-9933-447bbb7a32c8','assets/food_13.jpg'),('f1cdd6ac-1837-428b-be35-525e8aedf060','Brown',159047,'923c69dc-3792-432a-9933-447bbb7a32c8','assets/food_0.jpg'),('3894f7cf-2eed-4b16-9f37-cd6d79181711','Yellow',207176,'923c69dc-3792-432a-9933-447bbb7a32c8','assets/food_4.jpg'),('0634774e-439d-4a2b-9a04-20bdfe4104fb','White',90721,'21646a00-f2d9-4c10-8b18-3f9bd7bbdad6','assets/food_3.jpg'),('b2fbe1b6-9514-4232-ae2f-1955237b8b87','Pink',151816,'21646a00-f2d9-4c10-8b18-3f9bd7bbdad6','assets/food_9.jpg'),('857d34d8-ec9a-43b1-b92c-161ace6e3a90','Brown',247112,'21646a00-f2d9-4c10-8b18-3f9bd7bbdad6','assets/food_15.jpg'),('e1078dcc-323f-4b7a-824f-77d6317c2422','Yellow',155827,'21646a00-f2d9-4c10-8b18-3f9bd7bbdad6','assets/food_13.jpg'),('7334c8e8-f652-43c9-b4db-82efc47b0375','Brown',164835,'a1d873b2-2e14-4704-a8e8-e000c15d03bc','assets/food_6.jpg'),('a091924f-5dfe-4056-bf63-0720ff4417b4','Black',75679,'cb565296-2f11-41a1-9df9-215230cdecb0','assets/food_2.jpg'),('ce3445b8-499b-4035-a9b6-a3a6584dd8d4','Pink',105091,'cb565296-2f11-41a1-9df9-215230cdecb0','assets/food_2.jpg'),('c7400638-a0e0-4902-b35c-e05092667cdf','Brown',66284,'cb565296-2f11-41a1-9df9-215230cdecb0','assets/food_13.jpg'),('89e8644b-d3da-4c6d-ba9d-d9af0dc1316b','White',247636,'a9de8d00-43b4-4f06-ba39-44a73834a957','assets/food_13.jpg'),('24b5d30b-0fbe-4d58-9b21-e04f93236478','Black',238958,'a9de8d00-43b4-4f06-ba39-44a73834a957','assets/food_15.jpg'),('3bbdf9e2-d3dd-4dda-a721-deb1d9277568','Pink',182982,'a9de8d00-43b4-4f06-ba39-44a73834a957','assets/food_13.jpg'),('cc03781b-daec-4cc2-aeca-830263a73436','Blue',60602,'a9de8d00-43b4-4f06-ba39-44a73834a957','assets/food_1.jpg'),('595a213f-5067-4e94-a9d2-780f21cfc911','White',53395,'a9d3b5fe-6433-4d0b-9e47-0172cf85efed','assets/food_14.jpg'),('d4c8536a-b077-4999-809d-2ca89323e1fb','Pink',76673,'89967560-2d4b-450a-8f2f-00d03376f72a','assets/food_4.jpg'),('6cc27def-8d1c-4b47-bb0c-7212e1255747','Blue',189586,'89967560-2d4b-450a-8f2f-00d03376f72a','assets/food_8.jpg'),('cdbf4ac7-bd65-4f89-9fe4-a0f2f46f7258','White',151454,'c78f1975-2928-450e-b44b-1dc6cdeacd52','assets/food_6.jpg'),('7150cc7e-9d70-44a5-ad22-7e65f98897fc','Black',122757,'c78f1975-2928-450e-b44b-1dc6cdeacd52','assets/food_6.jpg'),('170c67aa-7650-4cae-82f0-6cfcc99012ff','Pink',63531,'c78f1975-2928-450e-b44b-1dc6cdeacd52','assets/food_1.jpg'),('7fcc2b48-f057-4782-841b-1c84befb3600','Blue',201117,'c78f1975-2928-450e-b44b-1dc6cdeacd52','assets/food_14.jpg'),('397139bd-2fdc-4919-9e84-72ae4a8070f3','Brown',110098,'c78f1975-2928-450e-b44b-1dc6cdeacd52','assets/food_7.jpg'),('ee545b4b-acd4-4fda-877f-b5d4a00bca69','Black',210060,'ce4b47e0-791f-4a61-93d3-b1857da2ba49','assets/food_1.jpg'),('f5af8bb0-23b9-443c-9021-8dff91cfc024','Pink',225271,'42885482-eacc-4c5c-936b-24ddcdd0c810','assets/food_14.jpg'),('87befd81-f15e-490e-b64b-de166aa73765','Yellow',62647,'42885482-eacc-4c5c-936b-24ddcdd0c810','assets/food_10.jpg'),('3d514765-86e6-4b43-86f5-041e02fc2f1d','White',248399,'771b8f65-c9f6-4675-9c99-e7be170fc31c','assets/food_4.jpg'),('33f5f42c-2ddb-4c23-bb25-2d516ff10d2b','Pink',73248,'771b8f65-c9f6-4675-9c99-e7be170fc31c','assets/food_6.jpg'),('2850199b-b978-4724-b3c9-e8bba43ad94d','Brown',155250,'d6f3577e-8d4c-42de-b262-e1e6914d091c','assets/food_13.jpg'),('0383b912-3f0b-43ad-b525-e16224f6a558','Blue',181606,'e376dda1-e665-438e-9263-45c36d6db019','assets/food_0.jpg'),('0755d442-e76b-44cf-9994-d0278d767d5c','Brown',225447,'e376dda1-e665-438e-9263-45c36d6db019','assets/food_9.jpg'),('97e073bd-dcf8-4282-aa9f-c9c8838ab621','Yellow',190442,'e376dda1-e665-438e-9263-45c36d6db019','assets/food_2.jpg'),('e4444746-06f7-409d-aa59-64b542162a24','White',52082,'9c1564fa-97a8-4ee6-b11f-ec6fa351c589','assets/food_15.jpg'),('f9a62ac8-db0d-4371-8dbc-79b62396bcaa','Yellow',75145,'9c1564fa-97a8-4ee6-b11f-ec6fa351c589','assets/food_14.jpg'),('78334570-c4da-4b40-a6c5-5354e17c8092','White',202112,'259cae4d-35bd-4737-a183-c6cb2f220ffc','assets/food_13.jpg'),('37714f64-caf3-414f-b181-2d82a29f4fd7','White',165302,'b29a4cb0-f051-4375-a16d-a56af9df4d6e','assets/food_6.jpg'),('27eff320-12af-41fd-b471-a7a9ef701576','Brown',73810,'b29a4cb0-f051-4375-a16d-a56af9df4d6e','assets/food_10.jpg'),('c747190a-e781-4bab-a8af-6e920de782f0','Pink',233359,'84a6c622-0543-4459-958f-f887a284944a','assets/food_14.jpg'),('f537afdb-90e1-4682-9818-f43aeb6be597','Blue',98180,'84a6c622-0543-4459-958f-f887a284944a','assets/food_6.jpg'),('a76c7b86-5dc0-4c65-9401-75cf2d401577','Pink',225855,'ee7dfb65-59de-4430-bbd9-43093e46d88d','assets/food_13.jpg'),('6a448171-b746-490c-a7ff-4551a78433c3','Blue',116356,'ee7dfb65-59de-4430-bbd9-43093e46d88d','assets/food_10.jpg'),('ee2219ab-a22e-42cc-8fd3-9966ac14d819','Yellow',221000,'ee7dfb65-59de-4430-bbd9-43093e46d88d','assets/food_11.jpg'),('62fceb08-d99e-41ce-b9aa-21b1694c997f','Pink',191017,'742375f8-1258-464e-af41-c61c4b2ddc0e','assets/food_14.jpg'),('750eae29-7473-46d8-9273-e893430e04ae','Brown',240047,'742375f8-1258-464e-af41-c61c4b2ddc0e','assets/food_14.jpg'),('2d920f3a-48da-4873-9a95-50dd6fbb70a7','Yellow',207358,'742375f8-1258-464e-af41-c61c4b2ddc0e','assets/food_5.jpg'),('ff207cc5-b07d-473f-a2bf-49e597c049f6','Black',72993,'4e636945-bf0c-40f1-9a25-43e7a1047ecc','assets/food_6.jpg'),('606b8afd-82a2-41a9-afbd-3335759790a6','Pink',210856,'4e636945-bf0c-40f1-9a25-43e7a1047ecc','assets/food_15.jpg'),('9c92e293-b37e-42f1-9191-60d3c16054fe','Blue',244332,'4e636945-bf0c-40f1-9a25-43e7a1047ecc','assets/food_8.jpg'),('708efcd3-8722-4450-8145-2d4fefaa7a81','Yellow',213718,'4e636945-bf0c-40f1-9a25-43e7a1047ecc','assets/food_14.jpg'),('33b513ea-6f02-4b04-9209-31820a463f75','White',78472,'3f691de0-7699-4f8c-a372-bcbe275c49e7','assets/food_7.jpg'),('5403dcbd-4cc4-4978-b79e-1d76981c5125','Pink',164813,'3f691de0-7699-4f8c-a372-bcbe275c49e7','assets/food_8.jpg'),('5ac0c174-db5c-46c9-9689-993814399446','Brown',105271,'3f691de0-7699-4f8c-a372-bcbe275c49e7','assets/food_3.jpg'),('8a10c180-723e-458c-bd43-e33f89c2a598','Yellow',140452,'3f691de0-7699-4f8c-a372-bcbe275c49e7','assets/food_9.jpg'),('4cb2524e-e070-4abd-bb3b-abb1fb4c642b','Black',203358,'65a2f2d3-8e40-4326-a0aa-79175fd445ac','assets/food_9.jpg'),('610de005-261e-4fd4-9bd7-1473be1dcdc2','White',129787,'4639808a-482f-47bb-bd47-b17632b824df','assets/food_13.jpg'),('b6409e9c-8a7d-4174-9258-f99348746ad3','Brown',226847,'4639808a-482f-47bb-bd47-b17632b824df','assets/food_10.jpg'),('f478133e-d19e-4bbc-8987-b243efc4cc9f','Black',100340,'a42513b6-c85a-47fc-9717-16c4ff376dc2','assets/food_5.jpg'),('5c1c4c71-6301-44d2-8a6b-05d80da0d17a','Brown',85882,'a42513b6-c85a-47fc-9717-16c4ff376dc2','assets/food_4.jpg'),('cfc38242-f999-46d3-b1bc-927d05adee03','Yellow',249026,'a42513b6-c85a-47fc-9717-16c4ff376dc2','assets/food_9.jpg'),('b876d936-ff30-46af-9cc6-7e45ead2b9da','Black',187723,'88b62711-82b3-4b19-9432-34ae17d87a58','assets/food_9.jpg'),('a7e61044-2515-4585-ba2a-a1da5c4ad0a3','Blue',139308,'88b62711-82b3-4b19-9432-34ae17d87a58','assets/food_7.jpg'),('def4f3c9-3096-47ff-8411-f0097cdd9e04','White',141858,'0675e28f-dd1b-40f4-bb2f-df5c3fd4b223','assets/food_9.jpg'),('88878072-939c-4f87-b1d3-63f51b6c24d5','Blue',167111,'0675e28f-dd1b-40f4-bb2f-df5c3fd4b223','assets/food_1.jpg'),('59a20e55-5fb7-4a4c-b0f9-5cfe26e1f1e7','Brown',151481,'0675e28f-dd1b-40f4-bb2f-df5c3fd4b223','assets/food_0.jpg'),('b4be2ba7-8393-47ef-a735-98687040d9df','White',230123,'b14b1a95-d276-4d4b-8dad-32a388cb48ee','assets/food_12.jpg'),('8acd13b7-9d48-4036-80e5-3a37ffa5ee98','Black',158510,'b14b1a95-d276-4d4b-8dad-32a388cb48ee','assets/food_0.jpg'),('0d53628e-997e-48cd-b9c0-6483a050abb1','Pink',91532,'b14b1a95-d276-4d4b-8dad-32a388cb48ee','assets/food_9.jpg'),('2e01322f-470b-4595-97fb-6027c253b3ad','Brown',122501,'b14b1a95-d276-4d4b-8dad-32a388cb48ee','assets/food_10.jpg'),('f96c5efe-015b-4264-8b77-b6b68bd9af60','White',121169,'b1563d5b-36b5-4c82-86b5-ae7913b394a7','assets/food_4.jpg'),('b65d0ca0-b7f7-4be6-a905-04570bb98ac8','Black',162010,'b1563d5b-36b5-4c82-86b5-ae7913b394a7','assets/food_5.jpg'),('3944020a-4c0b-4a8a-8eb0-49f1d896fd86','Pink',223096,'b1563d5b-36b5-4c82-86b5-ae7913b394a7','assets/food_10.jpg'),('29cc6989-4139-49ca-bb85-7de2e3a578c1','Blue',207942,'b1563d5b-36b5-4c82-86b5-ae7913b394a7','assets/food_2.jpg'),('5bf39fb7-16b2-49e0-a611-212337224faa','Brown',79986,'b1563d5b-36b5-4c82-86b5-ae7913b394a7','assets/food_3.jpg'),('f04d3926-13a5-466b-acac-6d3d642bb38e','Black',196847,'ae04bfcd-6caa-42f3-a274-e85f1c853a99','assets/food_9.jpg'),('7f29e0a1-cfeb-4941-ab06-7c2cf8389eca','Blue',187394,'ae04bfcd-6caa-42f3-a274-e85f1c853a99','assets/food_13.jpg'),('77da3dd1-f370-4912-b7b0-6dac9b47b48a','Brown',149780,'ae04bfcd-6caa-42f3-a274-e85f1c853a99','assets/food_9.jpg'),('91c134cb-1dc6-4d43-a0fc-7ff285921668','White',146108,'81bcc91c-835e-499e-b045-421a00ab4230','assets/food_4.jpg'),('3ef0679a-76f2-4d7b-8c3f-56d48af4833f','Black',224359,'81bcc91c-835e-499e-b045-421a00ab4230','assets/food_10.jpg'),('c5fe719e-750e-4385-8b04-ea8a442508fa','Pink',212167,'81bcc91c-835e-499e-b045-421a00ab4230','assets/food_10.jpg'),('06369b2b-7c80-40e3-868d-52e7a4a87701','Brown',180788,'81bcc91c-835e-499e-b045-421a00ab4230','assets/food_3.jpg'),('21689662-fc16-473e-a1ff-5d4f34cbcbf2','White',129708,'9fb21d81-98ff-44a6-8347-7d57e2e12b96','assets/food_0.jpg'),('6b202df6-56da-4cbc-aca6-8a01b01c6e4e','Yellow',149224,'9fb21d81-98ff-44a6-8347-7d57e2e12b96','assets/food_2.jpg'),('03c37c2a-5f69-4b01-9e5b-39facf601111','Black',164736,'b159fd59-8a59-4103-9f93-422176e0c64e','assets/food_10.jpg'),('654ef86a-1bc5-487a-8a7d-6527059175c7','Blue',215682,'b159fd59-8a59-4103-9f93-422176e0c64e','assets/food_3.jpg'),('03885e30-a485-481a-a5b2-5552883201c3','Yellow',61410,'b159fd59-8a59-4103-9f93-422176e0c64e','assets/food_13.jpg'),('a1acf111-c74f-4fe1-9e19-1dfe0bbf75b0','White',104862,'acde1d89-b47d-40be-bf6c-3a95543989c9','assets/food_10.jpg'),('3f1d2123-cc0f-4736-949d-ee29e1021c19','Black',83921,'acde1d89-b47d-40be-bf6c-3a95543989c9','assets/food_2.jpg'),('fd6cc07d-4219-4a33-be61-9a07c96a7eb5','Brown',170925,'acde1d89-b47d-40be-bf6c-3a95543989c9','assets/food_3.jpg'),('383b8ce7-8277-4132-a185-7d57bac3ff93','Yellow',151122,'acde1d89-b47d-40be-bf6c-3a95543989c9','assets/food_11.jpg'),('089efc19-6b2c-495c-af72-fc862b8624d0','Black',218889,'f090ef95-e7e9-415e-a1be-54aa9671ab24','assets/food_7.jpg'),('bc3eba48-d1fd-4e14-9fbe-3721840b42f4','Brown',177585,'f090ef95-e7e9-415e-a1be-54aa9671ab24','assets/food_6.jpg'),('b5a110e2-7fbb-4336-98e6-192c60e13b5c','Yellow',153453,'f090ef95-e7e9-415e-a1be-54aa9671ab24','assets/food_13.jpg'),('035ebc46-7e98-4601-80bc-f922e3d50098','White',245755,'e243259a-97c3-4ba4-b5f7-76d20edd04f0','assets/food_14.jpg'),('26c421d6-b1cd-4859-b997-e562cadfc5c9','Black',229223,'e243259a-97c3-4ba4-b5f7-76d20edd04f0','assets/food_8.jpg'),('675cab47-e97b-4bb3-989a-0cb529e8e424','Pink',142713,'e243259a-97c3-4ba4-b5f7-76d20edd04f0','assets/food_14.jpg'),('eed329d4-8051-4d07-8a88-32341649db3e','Blue',106338,'e243259a-97c3-4ba4-b5f7-76d20edd04f0','assets/food_10.jpg'),('e6818ca6-7404-4f21-81e4-235851da7d9b','Yellow',52830,'e243259a-97c3-4ba4-b5f7-76d20edd04f0','assets/food_9.jpg'),('85fcfffc-f922-4296-b0b2-519ba82e176a','White',233161,'1ca1243a-20f6-46cc-b445-ec4709ed6a6a','assets/food_0.jpg'),('e22a2ac5-abea-4623-a2e5-724af4b99bbf','Black',167654,'1ca1243a-20f6-46cc-b445-ec4709ed6a6a','assets/food_0.jpg'),('17749962-bf44-4e79-b2ea-606cec05e8f2','Brown',228050,'1ca1243a-20f6-46cc-b445-ec4709ed6a6a','assets/food_15.jpg'),('1152ebd3-4808-4bf6-9e1f-695f8a10cbab','Yellow',236553,'1ca1243a-20f6-46cc-b445-ec4709ed6a6a','assets/food_8.jpg'),('ea17c645-93c1-4e33-a6f6-b62c0b00b487','Pink',61810,'c27dae12-88aa-4c8b-9863-2964cac68782','assets/food_11.jpg'),('4ba02a09-293a-400d-b287-0f64d222324f','Blue',128199,'c27dae12-88aa-4c8b-9863-2964cac68782','assets/food_3.jpg'),('88e6668b-4a70-4448-9ad6-ed53d9854f02','Brown',181090,'c27dae12-88aa-4c8b-9863-2964cac68782','assets/food_3.jpg'),('7c901939-fc2c-44bb-8319-c1534623bb8c','Yellow',230357,'c27dae12-88aa-4c8b-9863-2964cac68782','assets/food_14.jpg'),('6feaaf4c-7f61-43d6-9ece-57eac4e6f762','Black',105819,'b3309d74-b957-4731-aac0-4bdd66c681dc','assets/food_7.jpg'),('6539cde6-53dd-47a0-bafc-d4dea565816a','Pink',205020,'b3309d74-b957-4731-aac0-4bdd66c681dc','assets/food_10.jpg'),('cf90488a-5245-403b-ac17-6ff176092cc3','Brown',56685,'b3309d74-b957-4731-aac0-4bdd66c681dc','assets/food_11.jpg'),('c1ebeab2-0863-4546-afd7-3fa5ab7db365','Yellow',185381,'b3309d74-b957-4731-aac0-4bdd66c681dc','assets/food_14.jpg'),('2028a6c3-cb14-4bc5-bc22-a2ceccfbc2e6','White',64875,'9bc731d9-cf1f-4560-be20-37d0425b926d','assets/food_5.jpg'),('2285400c-4631-4221-8225-0c6a428c4809','Black',188272,'9bc731d9-cf1f-4560-be20-37d0425b926d','assets/food_3.jpg'),('c0e8e91f-a036-4043-ab7f-be8c1b007381','Pink',94133,'9bc731d9-cf1f-4560-be20-37d0425b926d','assets/food_14.jpg'),('437066b4-777d-49f2-9576-69ccb08987ed','Blue',186906,'9bc731d9-cf1f-4560-be20-37d0425b926d','assets/food_8.jpg'),('cede7940-904e-4893-bfa1-ade4a0e7e69d','Brown',246806,'9bc731d9-cf1f-4560-be20-37d0425b926d','assets/food_8.jpg'),('123524cc-1681-4d1b-a53a-77d287e78ff0','White',138541,'06555c6c-b5e4-4827-8c70-fe1068c399de','assets/food_15.jpg'),('3211d28e-031a-4ce4-a51e-3858c99bff39','Blue',126209,'06555c6c-b5e4-4827-8c70-fe1068c399de','assets/food_3.jpg'),('cbeb820e-1246-4883-ac1f-fd296aff4ac3','Yellow',126229,'06555c6c-b5e4-4827-8c70-fe1068c399de','assets/food_8.jpg'),('637fe4b2-fcc7-4fdb-bf07-b14af2664606','Black',240512,'d0bea70b-c99f-4e40-b28f-9a18e86af7d7','assets/food_9.jpg'),('47a752c0-b1c9-4e2f-bfc9-0ea97d1f0543','Pink',77937,'d0bea70b-c99f-4e40-b28f-9a18e86af7d7','assets/food_5.jpg'),('bc68a70f-5d84-46ec-a2cb-da2e6d046d99','Blue',198278,'d0bea70b-c99f-4e40-b28f-9a18e86af7d7','assets/food_1.jpg'),('688dd065-84b1-4950-9081-9381e5645ef6','Brown',244961,'d0bea70b-c99f-4e40-b28f-9a18e86af7d7','assets/food_9.jpg'),('b4f1f129-b08e-4cea-91a7-7e0898feb33f','White',186179,'39694aa1-dd82-4221-947d-dec2ded2e708','assets/food_3.jpg'),('19a50f71-e5e3-4d9e-9a53-05b9b39153ac','Black',52109,'39694aa1-dd82-4221-947d-dec2ded2e708','assets/food_4.jpg'),('f9ffd2e2-5b77-4c59-993c-6a683a7fbf68','Pink',74152,'39694aa1-dd82-4221-947d-dec2ded2e708','assets/food_4.jpg'),('030a9b1d-237e-4a42-9b51-25b82824aecc','Brown',50123,'39694aa1-dd82-4221-947d-dec2ded2e708','assets/food_9.jpg'),('7d666afc-ba8e-415d-9ba6-729152d614f8','Brown',75300,'5afd764f-105e-43da-9508-734893105413','assets/food_9.jpg'),('ef0b873f-8345-4cf3-bad6-bef2735f97a1','White',136977,'20d1b341-dd55-4fef-84e3-c40857baf559','assets/food_15.jpg'),('f00716df-51d0-486e-9647-768242b01f4e','Pink',169731,'20d1b341-dd55-4fef-84e3-c40857baf559','assets/food_13.jpg'),('dc1b97a0-1299-4bae-b426-8aaad110d767','Blue',123583,'20d1b341-dd55-4fef-84e3-c40857baf559','assets/food_5.jpg'),('47e9ee8d-a729-4723-8470-6a1b3ad48d7b','Brown',119898,'20d1b341-dd55-4fef-84e3-c40857baf559','assets/food_10.jpg'),('9283082e-ea24-41b6-bb6e-f7d23c0b9cb3','Yellow',210834,'20d1b341-dd55-4fef-84e3-c40857baf559','assets/food_5.jpg'),('f4fc64af-aecf-4924-87de-c1c458bf8568','White',215143,'51cf31b2-c2f1-4b74-a090-92194a07233b','assets/food_12.jpg'),('b6458ca5-45b7-4cc9-8bb4-9d1ade51855c','Black',216644,'51cf31b2-c2f1-4b74-a090-92194a07233b','assets/food_14.jpg'),('174a8e3f-7dd2-4996-9fba-23e67c3db9ce','Pink',188806,'51cf31b2-c2f1-4b74-a090-92194a07233b','assets/food_5.jpg'),('53453746-9e48-4719-affe-4b32233b794b','Yellow',81198,'51cf31b2-c2f1-4b74-a090-92194a07233b','assets/food_6.jpg');
/*!40000 ALTER TABLE `colors` ENABLE KEYS */;
UNLOCK TABLES;

--
-- Table structure for table `customer`
--

DROP TABLE IF EXISTS `customer`;
/*!40101 SET @saved_cs_client     = @@character_set_client */;
/*!50503 SET character_set_client = utf8mb4 */;
CREATE TABLE `customer` (
  `id` varchar(40) NOT NULL,
  `eCustomer_ID` varchar(40) DEFAULT NULL,
  `fullname` varchar(255) DEFAULT NULL,
  `email` varchar(255) DEFAULT NULL,
  `phone` varchar(20) DEFAULT NULL,
  `address` varchar(255) DEFAULT NULL,
  `birthday` date DEFAULT NULL,
  `date_created` date DEFAULT NULL,
  `date_updated` date DEFAULT NULL,
  `ranking` varchar(40) DEFAULT NULL,
  `password` varchar(255) DEFAULT NULL,
  `gender` varchar(255) DEFAULT NULL,
  PRIMARY KEY (`id`)
) ENGINE=InnoDB DEFAULT CHARSET=utf8mb4 COLLATE=utf8mb4_0900_ai_ci;
/*!40101 SET character_set_client = @saved_cs_client */;

--
-- Dumping data for table `customer`
--

LOCK TABLES `customer` WRITE;
/*!40000 ALTER TABLE `customer` DISABLE KEYS */;
INSERT INTO `customer` VALUES ('1e6eccb8-98ab-4fcf-8acf-5b630402f3f8','QZVA-9653','Lê Anh Minh','ssyuee@gmail.com','09328783973','12 Lê Thánh Tôn P1 TPHCM','2004-09-10','2024-01-26',NULL,'GOLD','fwhefhw98e','FEMALE'),('4ed82c74-b208-4079-ad73-42bd16245fd5','WFRQ-5343','Nguyễn Minh Thông','nguyenminhthongitmix@gmail.com','0703338458','240/13/17 Nguyễn Văn Luông P11 Quận 6','2002-06-01','2024-01-26',NULL,NULL,'162002','MALE');
/*!40000 ALTER TABLE `customer` ENABLE KEYS */;
UNLOCK TABLES;

--
-- Table structure for table `customer_info`
--

DROP TABLE IF EXISTS `customer_info`;
/*!40101 SET @saved_cs_client     = @@character_set_client */;
/*!50503 SET character_set_client = utf8mb4 */;
CREATE TABLE `customer_info` (
  `id` varchar(255) NOT NULL,
  `eCustomer_ID` varchar(12) DEFAULT NULL,
  `fullname` varchar(255) DEFAULT NULL,
  `phone` varchar(11) DEFAULT NULL,
  `email` varchar(255) DEFAULT NULL,
  `address` varchar(255) DEFAULT NULL,
  PRIMARY KEY (`id`)
) ENGINE=InnoDB DEFAULT CHARSET=utf8mb4 COLLATE=utf8mb4_0900_ai_ci;
/*!40101 SET character_set_client = @saved_cs_client */;

--
-- Dumping data for table `customer_info`
--

LOCK TABLES `customer_info` WRITE;
/*!40000 ALTER TABLE `customer_info` DISABLE KEYS */;
/*!40000 ALTER TABLE `customer_info` ENABLE KEYS */;
UNLOCK TABLES;

--
-- Table structure for table `invetory_product`
--

DROP TABLE IF EXISTS `invetory_product`;
/*!40101 SET @saved_cs_client     = @@character_set_client */;
/*!50503 SET character_set_client = utf8mb4 */;
CREATE TABLE `invetory_product` (
  `id` varchar(40) NOT NULL,
  `name` varchar(255) DEFAULT NULL,
  `update_date` date DEFAULT NULL,
  `quality` float DEFAULT NULL,
  PRIMARY KEY (`id`)
) ENGINE=InnoDB DEFAULT CHARSET=utf8mb4 COLLATE=utf8mb4_0900_ai_ci;
/*!40101 SET character_set_client = @saved_cs_client */;

--
-- Dumping data for table `invetory_product`
--

LOCK TABLES `invetory_product` WRITE;
/*!40000 ALTER TABLE `invetory_product` DISABLE KEYS */;
/*!40000 ALTER TABLE `invetory_product` ENABLE KEYS */;
UNLOCK TABLES;

--
-- Table structure for table `merchandise`
--

DROP TABLE IF EXISTS `merchandise`;
/*!40101 SET @saved_cs_client     = @@character_set_client */;
/*!50503 SET character_set_client = utf8mb4 */;
CREATE TABLE `merchandise` (
  `id` varchar(40) NOT NULL,
  `company_id` varchar(40) DEFAULT NULL,
  `Code` varchar(40) DEFAULT NULL,
  `name` varchar(255) DEFAULT NULL,
  `price` decimal(10,2) DEFAULT NULL,
  `image` varchar(255) DEFAULT NULL,
  `type_merchandise` varchar(255) DEFAULT NULL,
  `disable` tinyint(1) DEFAULT NULL,
  PRIMARY KEY (`id`)
) ENGINE=InnoDB DEFAULT CHARSET=utf8mb4 COLLATE=utf8mb4_0900_ai_ci;
/*!40101 SET character_set_client = @saved_cs_client */;

--
-- Dumping data for table `merchandise`
--

LOCK TABLES `merchandise` WRITE;
/*!40000 ALTER TABLE `merchandise` DISABLE KEYS */;
/*!40000 ALTER TABLE `merchandise` ENABLE KEYS */;
UNLOCK TABLES;

--
-- Table structure for table `monthly_merchandise_warehouse`
--

DROP TABLE IF EXISTS `monthly_merchandise_warehouse`;
/*!40101 SET @saved_cs_client     = @@character_set_client */;
/*!50503 SET character_set_client = utf8mb4 */;
CREATE TABLE `monthly_merchandise_warehouse` (
  `id` varchar(40) NOT NULL,
  `agency_id` varchar(40) DEFAULT NULL,
  `merchandise_id` varchar(40) NOT NULL,
  `quanlity` float DEFAULT NULL,
  `total` double DEFAULT NULL,
  PRIMARY KEY (`id`)
) ENGINE=InnoDB DEFAULT CHARSET=utf8mb4 COLLATE=utf8mb4_0900_ai_ci;
/*!40101 SET character_set_client = @saved_cs_client */;

--
-- Dumping data for table `monthly_merchandise_warehouse`
--

LOCK TABLES `monthly_merchandise_warehouse` WRITE;
/*!40000 ALTER TABLE `monthly_merchandise_warehouse` DISABLE KEYS */;
/*!40000 ALTER TABLE `monthly_merchandise_warehouse` ENABLE KEYS */;
UNLOCK TABLES;

--
-- Table structure for table `monthly_product_warehouse`
--

DROP TABLE IF EXISTS `monthly_product_warehouse`;
/*!40101 SET @saved_cs_client     = @@character_set_client */;
/*!50503 SET character_set_client = utf8mb4 */;
CREATE TABLE `monthly_product_warehouse` (
  `id` varchar(40) NOT NULL,
  `food_ID` varchar(40) DEFAULT NULL,
  `date_created` date DEFAULT NULL,
  `quality` int DEFAULT NULL,
  `amount` float DEFAULT NULL,
  PRIMARY KEY (`id`)
) ENGINE=InnoDB DEFAULT CHARSET=utf8mb4 COLLATE=utf8mb4_0900_ai_ci;
/*!40101 SET character_set_client = @saved_cs_client */;

--
-- Dumping data for table `monthly_product_warehouse`
--

LOCK TABLES `monthly_product_warehouse` WRITE;
/*!40000 ALTER TABLE `monthly_product_warehouse` DISABLE KEYS */;
/*!40000 ALTER TABLE `monthly_product_warehouse` ENABLE KEYS */;
UNLOCK TABLES;

--
-- Table structure for table `option`
--

DROP TABLE IF EXISTS `option`;
/*!40101 SET @saved_cs_client     = @@character_set_client */;
/*!50503 SET character_set_client = utf8mb4 */;
CREATE TABLE `option` (
  `id` varchar(100) NOT NULL,
  `name` varchar(45) DEFAULT NULL,
  `type` varchar(45) DEFAULT NULL,
  `created_date` datetime DEFAULT NULL,
  `created_update` varchar(45) DEFAULT NULL,
  PRIMARY KEY (`id`)
) ENGINE=InnoDB DEFAULT CHARSET=utf8mb4 COLLATE=utf8mb4_0900_ai_ci;
/*!40101 SET character_set_client = @saved_cs_client */;

--
-- Dumping data for table `option`
--

LOCK TABLES `option` WRITE;
/*!40000 ALTER TABLE `option` DISABLE KEYS */;
/*!40000 ALTER TABLE `option` ENABLE KEYS */;
UNLOCK TABLES;

--
-- Table structure for table `product`
--

DROP TABLE IF EXISTS `product`;
/*!40101 SET @saved_cs_client     = @@character_set_client */;
/*!50503 SET character_set_client = utf8mb4 */;
CREATE TABLE `product` (
  `id` varchar(40) NOT NULL,
  `Code` varchar(40) DEFAULT NULL,
  `name` varchar(255) DEFAULT NULL,
  `price` decimal(10,2) DEFAULT NULL,
  `status` varchar(255) DEFAULT NULL,
  `image` varchar(255) DEFAULT NULL,
  `description` text,
  `specification` text,
  `category_id` varchar(40) DEFAULT NULL,
  `company_id` varchar(40) DEFAULT NULL,
  PRIMARY KEY (`id`)
) ENGINE=InnoDB DEFAULT CHARSET=utf8mb4 COLLATE=utf8mb4_0900_ai_ci;
/*!40101 SET character_set_client = @saved_cs_client */;

--
-- Dumping data for table `product`
--

LOCK TABLES `product` WRITE;
/*!40000 ALTER TABLE `product` DISABLE KEYS */;
INSERT INTO `product` VALUES ('00474ba4-da19-43a6-b980-9e2b439e992e','Product10','DC X BR LEATHER BOMBER JACKET10',274428.14,NULL,'assets/food_1.jpg','Nhập khẩu từ USA','NORMAL',NULL,'CO000'),('00e85d12-4828-4c6c-967f-2c84c339e4d8','Product45','DC X BR MATE T-SHIRT - CREAM45',439108.31,NULL,'assets/food_4.jpg','Nhập khẩu từ Canada','NORMAL',NULL,'CO002'),('022907d1-d7b1-482c-9ed2-62a289ccceee','Product15','DC X BR MATE T-SHIRT - CREAM15',450243.32,NULL,'assets/food_9.jpg','Nhập khẩu từ USA','NORMAL',NULL,'CO003'),('05ccd690-84c1-4f1b-a2a2-42da37c6e372','Product3','DC X BR LEATHER BIKER JACKET3',307055.58,NULL,'assets/food_5.jpg','Nhập khẩu từ USA','NORMAL',NULL,'CO003'),('06555c6c-b5e4-4827-8c70-fe1068c399de','Product94','DC X BR LEATHER BIKER JACKET94',451081.33,NULL,'assets/food_2.jpg','Nhập khẩu từ Canada','NORMAL',NULL,'CO002'),('0675e28f-dd1b-40f4-bb2f-df5c3fd4b223','Product79','DC X BR LEATHER BIKER JACKET79',397250.34,NULL,'assets/food_1.jpg','Nhập khẩu Việt Nam','NORMAL',NULL,'CO004'),('1a96ec87-888c-45cf-88fa-b415692d7915','Product14','DC X BR LEATHER BIKER JACKET14',631597.85,NULL,'assets/food_4.jpg','Nhập khẩu từ Canada','NORMAL',NULL,'CO003'),('1c6a2a96-cb39-42b5-9314-6c5bef67f525','Product72','DC X BR FELT VARSITY JACKET72',530843.50,NULL,'assets/food_0.jpg','Nhập khẩu Việt Nam','NORMAL',NULL,'CO001'),('1ca1243a-20f6-46cc-b445-ec4709ed6a6a','Product90','DC X BR MATE T-SHIRT - CREAM90',547734.77,NULL,'assets/food_1.jpg','Nhập khẩu từ USA','NORMAL',NULL,'CO004'),('1fdf42d6-1c6f-4048-a541-2d45d32621c6','Product31','DC X BR LEATHER BIKER JACKET31',142961.66,NULL,'assets/food_4.jpg','Nhập khẩu từ Canada','NORMAL',NULL,'CO002'),('201dffd5-bc08-499c-b345-8dd21a344bdb','Product19','DC X BR LEATHER BOMBER JACKET19',293894.01,NULL,'assets/food_8.jpg','Nhập khẩu từ USA','NORMAL',NULL,'CO001'),('206be075-3450-482b-b2f4-e2d96b2e3499','Product29','DC X BR FELT VARSITY JACKET29',131812.84,NULL,'assets/food_1.jpg','Nhập khẩu từ Canada','NORMAL',NULL,'CO004'),('20d1b341-dd55-4fef-84e3-c40857baf559','Product98','DC X BR MATE T-SHIRT - CREAM98',480826.54,NULL,'assets/food_7.jpg','Nhập khẩu Việt Nam','NORMAL',NULL,'CO004'),('21646a00-f2d9-4c10-8b18-3f9bd7bbdad6','Product54','DC X BR MATE T-SHIRT - CREAM54',194966.15,NULL,'assets/food_9.jpg','Nhập khẩu từ USA','NORMAL',NULL,'CO003'),('2500bbd1-fb30-4b8c-9c78-544fcdab4bd5','Product5','DC X BR FELT VARSITY JACKET5',428038.18,NULL,'assets/food_4.jpg','Nhập khẩu Việt Nam','NORMAL',NULL,'CO004'),('259cae4d-35bd-4737-a183-c6cb2f220ffc','Product67','DC X BR FELT VARSITY JACKET67',686094.49,NULL,'assets/food_7.jpg','Nhập khẩu Việt Nam','NORMAL',NULL,'CO000'),('2a7e306a-beb5-493c-b52c-b909468d61ee','Product8','DC X BR MATE T-SHIRT - CREAM8',438024.07,NULL,'assets/food_7.jpg','Nhập khẩu từ Canada','NORMAL',NULL,'CO002'),('2ad1f9f9-94c3-4799-9e05-95969e15d736','Product34','DC X BR LEATHER BOMBER JACKET34',425103.58,NULL,'assets/food_1.jpg','Nhập khẩu từ USA','NORMAL',NULL,'CO000'),('2ffac7a7-b58f-4bf7-af9a-eb6f13f35cdd','Product9','DC X BR LEATHER BOMBER JACKET9',155991.04,NULL,'assets/food_7.jpg','Nhập khẩu từ USA','NORMAL',NULL,'CO003'),('3226d8c0-e969-4bfb-92b9-3ae065821de5','Product17','DC X BR MATE T-SHIRT - CREAM17',268111.29,NULL,'assets/food_7.jpg','Nhập khẩu từ Canada','NORMAL',NULL,'CO000'),('3904309c-e3b5-4f63-a3e5-6953492774ac','Product40','DC X BR FELT VARSITY JACKET40',564193.09,NULL,'assets/food_8.jpg','Nhập khẩu từ Canada','NORMAL',NULL,'CO004'),('39694aa1-dd82-4221-947d-dec2ded2e708','Product96','DC X BR LEATHER BOMBER JACKET96',217116.41,NULL,'assets/food_2.jpg','Nhập khẩu từ Canada','NORMAL',NULL,'CO001'),('3d1f6114-9904-4c5b-b425-92811eb685cc','Product83','DC X BR MATE T-SHIRT - CREAM83',454706.63,NULL,'assets/food_5.jpg','Nhập khẩu từ USA','NORMAL',NULL,'CO001'),('3f691de0-7699-4f8c-a372-bcbe275c49e7','Product74','DC X BR LEATHER BOMBER JACKET74',133060.51,NULL,'assets/food_5.jpg','Nhập khẩu từ USA','NORMAL',NULL,'CO000'),('42885482-eacc-4c5c-936b-24ddcdd0c810','Product62','DC X BR LEATHER BIKER JACKET62',190894.10,NULL,'assets/food_4.jpg','Nhập khẩu từ Canada','NORMAL',NULL,'CO001'),('4639808a-482f-47bb-bd47-b17632b824df','Product76','DC X BR LEATHER BIKER JACKET76',476658.21,NULL,'assets/food_2.jpg','Nhập khẩu từ Canada','NORMAL',NULL,'CO000'),('4d35c03a-daab-40b5-923c-3e5d5bbaefb2','Product2','DC X BR MATE T-SHIRT - CREAM2',692647.10,NULL,'assets/food_7.jpg','Nhập khẩu từ Canada','NORMAL',NULL,'CO001'),('4e636945-bf0c-40f1-9a25-43e7a1047ecc','Product73','DC X BR LEATHER BIKER JACKET73',190467.82,NULL,'assets/food_7.jpg','Nhập khẩu từ Canada','NORMAL',NULL,'CO002'),('516c22a3-ed9a-4d6d-8bb8-bb176bde9224','Product1','DC X BR MATE T-SHIRT - CREAM1',108588.95,NULL,'assets/food_3.jpg','Nhập khẩu từ Canada','NORMAL',NULL,'CO000'),('517a6bb5-26bd-43a0-8966-1c1b3adac4d7','Product6','DC X BR MATE T-SHIRT - CREAM6',342176.33,NULL,'assets/food_8.jpg','Nhập khẩu Việt Nam','NORMAL',NULL,'CO002'),('51cf31b2-c2f1-4b74-a090-92194a07233b','Product99','DC X BR MATE T-SHIRT - CREAM99',544702.23,NULL,'assets/food_9.jpg','Nhập khẩu từ USA','NORMAL',NULL,'CO003'),('5afd764f-105e-43da-9508-734893105413','Product97','DC X BR LEATHER BOMBER JACKET97',375891.09,NULL,'assets/food_6.jpg','Nhập khẩu từ USA','NORMAL',NULL,'CO000'),('63f4c517-9cdb-4edf-8301-51cf6b31e61b','Product26','DC X BR FELT VARSITY JACKET26',304812.29,NULL,'assets/food_5.jpg','Nhập khẩu từ Canada','NORMAL',NULL,'CO002'),('65a2f2d3-8e40-4326-a0aa-79175fd445ac','Product75','DC X BR LEATHER BIKER JACKET75',235775.70,NULL,'assets/food_9.jpg','Nhập khẩu từ Canada','NORMAL',NULL,'CO003'),('699c8984-3ac5-4f0f-9e85-59643926838b','Product16','DC X BR LEATHER BIKER JACKET16',613688.38,NULL,'assets/food_3.jpg','Nhập khẩu từ USA','NORMAL',NULL,'CO002'),('6a760eeb-9e94-41ce-b872-8af05ba7a0bd','Product38','DC X BR LEATHER BOMBER JACKET38',251645.11,NULL,'assets/food_8.jpg','Nhập khẩu từ USA','NORMAL',NULL,'CO000'),('6d241735-3a58-4e62-8442-284b029ef7d0','Product12','DC X BR LEATHER BIKER JACKET12',365440.27,NULL,'assets/food_6.jpg','Nhập khẩu từ USA','NORMAL',NULL,'CO002'),('7239fad9-7a0f-4470-962b-77381874b80b','Product48','DC X BR LEATHER BOMBER JACKET48',133639.23,NULL,'assets/food_1.jpg','Nhập khẩu từ USA','NORMAL',NULL,'CO001'),('742375f8-1258-464e-af41-c61c4b2ddc0e','Product71','DC X BR MATE T-SHIRT - CREAM71',637515.19,NULL,'assets/food_3.jpg','Nhập khẩu từ USA','NORMAL',NULL,'CO002'),('771b8f65-c9f6-4675-9c99-e7be170fc31c','Product63','DC X BR MATE T-SHIRT - CREAM63',652198.84,NULL,'assets/food_9.jpg','Nhập khẩu từ USA','NORMAL',NULL,'CO002'),('7bbae466-82ee-4a0f-b410-948b5764544f','Product46','DC X BR LEATHER BIKER JACKET46',487755.81,NULL,'assets/food_3.jpg','Nhập khẩu từ USA','NORMAL',NULL,'CO001'),('8063eb88-981b-4b0b-809f-de8690e3a47a','Product39','DC X BR LEATHER BIKER JACKET39',275660.67,NULL,'assets/food_0.jpg','Nhập khẩu từ Canada','NORMAL',NULL,'CO004'),('81bcc91c-835e-499e-b045-421a00ab4230','Product84','DC X BR LEATHER BOMBER JACKET84',358161.96,NULL,'assets/food_4.jpg','Nhập khẩu từ USA','NORMAL',NULL,'CO001'),('84a6c622-0543-4459-958f-f887a284944a','Product69','DC X BR LEATHER BOMBER JACKET69',150391.86,NULL,'assets/food_1.jpg','Nhập khẩu Việt Nam','NORMAL',NULL,'CO002'),('88b62711-82b3-4b19-9432-34ae17d87a58','Product78','DC X BR LEATHER BOMBER JACKET78',646618.47,NULL,'assets/food_6.jpg','Nhập khẩu từ Canada','NORMAL',NULL,'CO003'),('89967560-2d4b-450a-8f2f-00d03376f72a','Product59','DC X BR LEATHER BOMBER JACKET59',112001.75,NULL,'assets/food_6.jpg','Nhập khẩu từ USA','NORMAL',NULL,'CO001'),('8ad7deda-a6e2-44c4-b302-481a7b3a1d68','Product25','DC X BR MATE T-SHIRT - CREAM25',575153.69,NULL,'assets/food_6.jpg','Nhập khẩu từ Canada','NORMAL',NULL,'CO001'),('923c69dc-3792-432a-9933-447bbb7a32c8','Product53','DC X BR LEATHER BIKER JACKET53',564490.84,NULL,'assets/food_7.jpg','Nhập khẩu từ USA','NORMAL',NULL,'CO001'),('975b8db1-6416-4c38-80a0-ef8940cd6a05','Product49','DC X BR LEATHER BIKER JACKET49',253542.10,NULL,'assets/food_1.jpg','Nhập khẩu từ USA','NORMAL',NULL,'CO001'),('9b2870eb-a885-45a9-b608-9c197688f37d','Product4','DC X BR FELT VARSITY JACKET4',345143.11,NULL,'assets/food_0.jpg','Nhập khẩu từ USA','NORMAL',NULL,'CO000'),('9bc731d9-cf1f-4560-be20-37d0425b926d','Product93','DC X BR LEATHER BOMBER JACKET93',208777.25,NULL,'assets/food_2.jpg','Nhập khẩu từ USA','NORMAL',NULL,'CO004'),('9c1564fa-97a8-4ee6-b11f-ec6fa351c589','Product66','DC X BR MATE T-SHIRT - CREAM66',254904.49,NULL,'assets/food_1.jpg','Nhập khẩu Việt Nam','NORMAL',NULL,'CO004'),('9c9a3f74-da23-49be-90be-ed3074e9744a','Product42','DC X BR FELT VARSITY JACKET42',577629.70,NULL,'assets/food_7.jpg','Nhập khẩu Việt Nam','NORMAL',NULL,'CO004'),('9fb21d81-98ff-44a6-8347-7d57e2e12b96','Product85','DC X BR MATE T-SHIRT - CREAM85',197642.94,NULL,'assets/food_8.jpg','Nhập khẩu từ USA','NORMAL',NULL,'CO000'),('a058383d-382c-4cc4-a686-a714e1363489','Product18','DC X BR FELT VARSITY JACKET18',493463.07,NULL,'assets/food_9.jpg','Nhập khẩu từ USA','NORMAL',NULL,'CO003'),('a1d873b2-2e14-4704-a8e8-e000c15d03bc','Product55','DC X BR FELT VARSITY JACKET55',520820.18,NULL,'assets/food_4.jpg','Nhập khẩu Việt Nam','NORMAL',NULL,'CO004'),('a2722059-e468-42e1-9f94-d1b278de58c9','Product7','DC X BR LEATHER BOMBER JACKET7',449299.28,NULL,'assets/food_8.jpg','Nhập khẩu Việt Nam','NORMAL',NULL,'CO000'),('a42513b6-c85a-47fc-9717-16c4ff376dc2','Product77','DC X BR LEATHER BIKER JACKET77',263521.05,NULL,'assets/food_7.jpg','Nhập khẩu Việt Nam','NORMAL',NULL,'CO002'),('a61751e5-13e1-408d-bd34-b252ebad0655','Product37','DC X BR LEATHER BOMBER JACKET37',693131.94,NULL,'assets/food_0.jpg','Nhập khẩu từ USA','NORMAL',NULL,'CO001'),('a9d3b5fe-6433-4d0b-9e47-0172cf85efed','Product58','DC X BR MATE T-SHIRT - CREAM58',437270.45,NULL,'assets/food_4.jpg','Nhập khẩu từ USA','NORMAL',NULL,'CO003'),('a9de8d00-43b4-4f06-ba39-44a73834a957','Product57','DC X BR FELT VARSITY JACKET57',606103.70,NULL,'assets/food_1.jpg','Nhập khẩu từ Canada','NORMAL',NULL,'CO001'),('acde1d89-b47d-40be-bf6c-3a95543989c9','Product87','DC X BR LEATHER BIKER JACKET87',161897.06,NULL,'assets/food_3.jpg','Nhập khẩu từ USA','NORMAL',NULL,'CO001'),('ae04bfcd-6caa-42f3-a274-e85f1c853a99','Product82','DC X BR FELT VARSITY JACKET82',307272.61,NULL,'assets/food_3.jpg','Nhập khẩu Việt Nam','NORMAL',NULL,'CO001'),('b14b1a95-d276-4d4b-8dad-32a388cb48ee','Product80','DC X BR LEATHER BOMBER JACKET80',539173.02,NULL,'assets/food_9.jpg','Nhập khẩu từ Canada','NORMAL',NULL,'CO003'),('b1563d5b-36b5-4c82-86b5-ae7913b394a7','Product81','DC X BR LEATHER BIKER JACKET81',137239.61,NULL,'assets/food_9.jpg','Nhập khẩu Việt Nam','NORMAL',NULL,'CO004'),('b159fd59-8a59-4103-9f93-422176e0c64e','Product86','DC X BR FELT VARSITY JACKET86',272589.26,NULL,'assets/food_5.jpg','Nhập khẩu Việt Nam','NORMAL',NULL,'CO002'),('b1743846-fe12-4e75-94d6-851cd9b44dbd','Product33','DC X BR FELT VARSITY JACKET33',329901.57,NULL,'assets/food_5.jpg','Nhập khẩu Việt Nam','NORMAL',NULL,'CO002'),('b25dc772-4fc1-4f8b-ae1a-1a3a243e5937','Product30','DC X BR LEATHER BIKER JACKET30',699131.94,NULL,'assets/food_4.jpg','Nhập khẩu từ USA','NORMAL',NULL,'CO001'),('b29a4cb0-f051-4375-a16d-a56af9df4d6e','Product68','DC X BR MATE T-SHIRT - CREAM68',452097.68,NULL,'assets/food_2.jpg','Nhập khẩu Việt Nam','NORMAL',NULL,'CO003'),('b3309d74-b957-4731-aac0-4bdd66c681dc','Product92','DC X BR FELT VARSITY JACKET92',129023.22,NULL,'assets/food_5.jpg','Nhập khẩu từ Canada','NORMAL',NULL,'CO000'),('b4f8b2b5-c138-43b2-9a6a-0b04e9a88865','Product13','DC X BR FELT VARSITY JACKET13',237203.29,NULL,'assets/food_4.jpg','Nhập khẩu từ USA','NORMAL',NULL,'CO002'),('b7db8a1a-4595-451c-957b-6977d93a8a31','Product36','DC X BR FELT VARSITY JACKET36',374648.84,NULL,'assets/food_5.jpg','Nhập khẩu từ Canada','NORMAL',NULL,'CO001'),('b992896e-70fc-4ada-a690-ca0a40e3cb0c','Product20','DC X BR LEATHER BOMBER JACKET20',253588.77,NULL,'assets/food_5.jpg','Nhập khẩu Việt Nam','NORMAL',NULL,'CO000'),('bcd6206c-8732-4dd4-9110-1a7e08dd0233','Product32','DC X BR MATE T-SHIRT - CREAM32',137427.59,NULL,'assets/food_5.jpg','Nhập khẩu từ Canada','NORMAL',NULL,'CO001'),('c27dae12-88aa-4c8b-9863-2964cac68782','Product91','DC X BR MATE T-SHIRT - CREAM91',142116.90,NULL,'assets/food_0.jpg','Nhập khẩu Việt Nam','NORMAL',NULL,'CO003'),('c3b355bf-60a7-455a-bc6e-76fa8340884c','Product22','DC X BR MATE T-SHIRT - CREAM22',147465.24,NULL,'assets/food_3.jpg','Nhập khẩu từ USA','NORMAL',NULL,'CO003'),('c6e7aae2-5739-4a95-8305-9a62509adfe3','Product43','DC X BR FELT VARSITY JACKET43',473018.93,NULL,'assets/food_8.jpg','Nhập khẩu từ Canada','NORMAL',NULL,'CO001'),('c78f1975-2928-450e-b44b-1dc6cdeacd52','Product60','DC X BR LEATHER BIKER JACKET60',613277.02,NULL,'assets/food_7.jpg','Nhập khẩu từ USA','NORMAL',NULL,'CO002'),('c938ddad-414e-4b35-b64a-7d7f29a4f1b3','Product35','DC X BR LEATHER BOMBER JACKET35',654697.85,NULL,'assets/food_6.jpg','Nhập khẩu Việt Nam','NORMAL',NULL,'CO000'),('ca4a6717-b001-45d4-a740-3838519e2aa7','Product24','DC X BR MATE T-SHIRT - CREAM24',174995.26,NULL,'assets/food_1.jpg','Nhập khẩu Việt Nam','NORMAL',NULL,'CO004'),('cb565296-2f11-41a1-9df9-215230cdecb0','Product56','DC X BR FELT VARSITY JACKET56',283462.78,NULL,'assets/food_6.jpg','Nhập khẩu từ Canada','NORMAL',NULL,'CO002'),('cce77f2a-442f-459b-8e4c-9f27f70d6b43','Product52','DC X BR FELT VARSITY JACKET52',403876.45,NULL,'assets/food_9.jpg','Nhập khẩu từ USA','NORMAL',NULL,'CO001'),('ce4b47e0-791f-4a61-93d3-b1857da2ba49','Product61','DC X BR LEATHER BOMBER JACKET61',509934.53,NULL,'assets/food_5.jpg','Nhập khẩu từ USA','NORMAL',NULL,'CO002'),('ce5e386b-5de5-4ce5-8268-856ace3dd947','Product50','DC X BR LEATHER BOMBER JACKET50',512091.85,NULL,'assets/food_1.jpg','Nhập khẩu Việt Nam','NORMAL',NULL,'CO002'),('cf20eefa-360b-4fbe-a579-6023b52950e0','Product21','DC X BR LEATHER BOMBER JACKET21',328402.77,NULL,'assets/food_9.jpg','Nhập khẩu từ Canada','NORMAL',NULL,'CO002'),('d0bea70b-c99f-4e40-b28f-9a18e86af7d7','Product95','DC X BR LEATHER BIKER JACKET95',196895.76,NULL,'assets/food_5.jpg','Nhập khẩu từ USA','NORMAL',NULL,'CO004'),('d2bf7a0e-2bb1-4c12-bdb2-423ecffadc8c','Product44','DC X BR MATE T-SHIRT - CREAM44',122692.36,NULL,'assets/food_7.jpg','Nhập khẩu từ USA','NORMAL',NULL,'CO002'),('d6f3577e-8d4c-42de-b262-e1e6914d091c','Product64','DC X BR MATE T-SHIRT - CREAM64',682494.95,NULL,'assets/food_1.jpg','Nhập khẩu từ USA','NORMAL',NULL,'CO003'),('dbdc98c1-b0c3-400e-a6d3-9ee0779b8787','Product41','DC X BR FELT VARSITY JACKET41',391732.71,NULL,'assets/food_8.jpg','Nhập khẩu từ USA','NORMAL',NULL,'CO003'),('e187f9e1-b222-4ef0-bb3b-9c4aef9221b7','Product51','DC X BR FELT VARSITY JACKET51',378172.26,NULL,'assets/food_6.jpg','Nhập khẩu từ Canada','NORMAL',NULL,'CO004'),('e243259a-97c3-4ba4-b5f7-76d20edd04f0','Product89','DC X BR FELT VARSITY JACKET89',107998.49,NULL,'assets/food_3.jpg','Nhập khẩu từ Canada','NORMAL',NULL,'CO004'),('e376dda1-e665-438e-9263-45c36d6db019','Product65','DC X BR MATE T-SHIRT - CREAM65',384402.49,NULL,'assets/food_1.jpg','Nhập khẩu Việt Nam','NORMAL',NULL,'CO004'),('eb9e209c-390e-4c7f-8456-2f7f1cad027b','Product23','DC X BR MATE T-SHIRT - CREAM23',407509.85,NULL,'assets/food_5.jpg','Nhập khẩu từ USA','NORMAL',NULL,'CO000'),('ee7dfb65-59de-4430-bbd9-43093e46d88d','Product70','DC X BR LEATHER BIKER JACKET70',650237.52,NULL,'assets/food_9.jpg','Nhập khẩu Việt Nam','NORMAL',NULL,'CO001'),('ef5d4f88-6b08-41dc-8419-946a28f0a77c','Product0','DC X BR LEATHER BOMBER JACKET0',488842.27,NULL,'assets/food_4.jpg','Nhập khẩu Việt Nam','NORMAL',NULL,'CO000'),('f090ef95-e7e9-415e-a1be-54aa9671ab24','Product88','DC X BR MATE T-SHIRT - CREAM88',587904.64,NULL,'assets/food_9.jpg','Nhập khẩu Việt Nam','NORMAL',NULL,'CO002'),('f45b01ab-19fa-42e6-b179-d6596e215905','Product27','DC X BR LEATHER BOMBER JACKET27',595685.06,NULL,'assets/food_7.jpg','Nhập khẩu Việt Nam','NORMAL',NULL,'CO002'),('f5f01047-a93e-4bcb-8e02-d410a8fb2786','Product47','DC X BR FELT VARSITY JACKET47',642873.43,NULL,'assets/food_9.jpg','Nhập khẩu từ Canada','NORMAL',NULL,'CO002'),('fa9be0dc-66a4-44e1-861f-dc4f8f8820df','Product11','DC X BR LEATHER BOMBER JACKET11',668302.15,NULL,'assets/food_6.jpg','Nhập khẩu từ USA','NORMAL',NULL,'CO001'),('fbe9a724-0177-4ab6-983a-59d18a5bbfc0','Product28','DC X BR LEATHER BOMBER JACKET28',106806.71,NULL,'assets/food_6.jpg','Nhập khẩu từ Canada','NORMAL',NULL,'CO003');
/*!40000 ALTER TABLE `product` ENABLE KEYS */;
UNLOCK TABLES;

--
-- Table structure for table `sizes`
--

DROP TABLE IF EXISTS `sizes`;
/*!40101 SET @saved_cs_client     = @@character_set_client */;
/*!50503 SET character_set_client = utf8mb4 */;
CREATE TABLE `sizes` (
  `id` varchar(50) DEFAULT NULL,
  `name` varchar(50) DEFAULT NULL,
  `addition` decimal(10,0) DEFAULT NULL,
  `idProduct` varchar(50) DEFAULT NULL
) ENGINE=InnoDB DEFAULT CHARSET=utf8mb4 COLLATE=utf8mb4_0900_ai_ci;
/*!40101 SET character_set_client = @saved_cs_client */;

--
-- Dumping data for table `sizes`
--

LOCK TABLES `sizes` WRITE;
/*!40000 ALTER TABLE `sizes` DISABLE KEYS */;
INSERT INTO `sizes` VALUES ('c5a3629c-81a5-4c76-8314-5bca52fbb30b','S',153397,'ef5d4f88-6b08-41dc-8419-946a28f0a77c'),('133cc834-8613-43eb-83ce-2357963044d3','XL',140507,'ef5d4f88-6b08-41dc-8419-946a28f0a77c'),('9c6c8591-3bd4-43fe-8619-0354f684b322','XXL',137838,'ef5d4f88-6b08-41dc-8419-946a28f0a77c'),('8fb0d8e9-25d3-4133-b020-660b904045fb','XXXL',165201,'ef5d4f88-6b08-41dc-8419-946a28f0a77c'),('554e72f5-ad43-48a7-9138-6f354a3f80a9','M',221555,'516c22a3-ed9a-4d6d-8bb8-bb176bde9224'),('471958c7-02aa-4afa-9ed5-7670125c36e5','XL',130225,'516c22a3-ed9a-4d6d-8bb8-bb176bde9224'),('cf4f6d82-2315-4e72-b070-795e7912b776','S',192584,'4d35c03a-daab-40b5-923c-3e5d5bbaefb2'),('66beaee8-f73d-4386-8c00-8f5f656c1df5','L',145378,'4d35c03a-daab-40b5-923c-3e5d5bbaefb2'),('4fb3889e-d16e-42b5-a905-3a6598eb8d32','XL',130930,'4d35c03a-daab-40b5-923c-3e5d5bbaefb2'),('b6322ce8-815b-4ef8-bdae-d44fe02b2ef3','XXL',99531,'4d35c03a-daab-40b5-923c-3e5d5bbaefb2'),('2ff84ddd-eb17-45df-b517-7fbeb6023a9c','XXXL',79688,'4d35c03a-daab-40b5-923c-3e5d5bbaefb2'),('82962bc4-5dca-440c-8268-d2c7ee279584','S',213691,'05ccd690-84c1-4f1b-a2a2-42da37c6e372'),('78166047-deda-4e3a-abf3-e6c39aeb79e6','M',54021,'05ccd690-84c1-4f1b-a2a2-42da37c6e372'),('6f26b941-10df-4517-b7e3-043ec4723a11','L',91491,'05ccd690-84c1-4f1b-a2a2-42da37c6e372'),('d01642c5-acf1-4f8a-ac52-22210e6a95d1','M',52351,'9b2870eb-a885-45a9-b608-9c197688f37d'),('f99fc538-1db4-4ae0-9eb3-8fded7765693','L',152661,'9b2870eb-a885-45a9-b608-9c197688f37d'),('8d0fb64b-b442-4241-830b-315d9b081cd6','XL',145884,'9b2870eb-a885-45a9-b608-9c197688f37d'),('30c82b34-90fa-4894-9122-20a7f24c92b2','XXXL',115206,'9b2870eb-a885-45a9-b608-9c197688f37d'),('3560883d-bb5c-49e5-9ed1-e2ab8766e60d','L',71041,'2500bbd1-fb30-4b8c-9c78-544fcdab4bd5'),('0e7be485-3711-4edf-8425-e7a068d0bb28','XXXL',181384,'2500bbd1-fb30-4b8c-9c78-544fcdab4bd5'),('7d4f3f54-0a46-44bc-b35c-f85e4bce3ef1','M',87888,'517a6bb5-26bd-43a0-8966-1c1b3adac4d7'),('f51f46a1-37ec-4037-b28d-bd4bd614a4ce','XXL',134045,'517a6bb5-26bd-43a0-8966-1c1b3adac4d7'),('76062be8-1b6b-41f6-9338-5fec05a6d403','XXXL',72030,'517a6bb5-26bd-43a0-8966-1c1b3adac4d7'),('d4f73ac8-b297-42f9-912a-eeee1696e793','L',174990,'a2722059-e468-42e1-9f94-d1b278de58c9'),('3f2ec70d-43e5-4690-b26d-0c62a12b8a63','M',200436,'2a7e306a-beb5-493c-b52c-b909468d61ee'),('5f1b3c0e-7740-4365-a544-ed086f61131e','L',182367,'2a7e306a-beb5-493c-b52c-b909468d61ee'),('cb5dc3a8-0f5e-4a1c-a809-673293656f81','XL',101983,'2a7e306a-beb5-493c-b52c-b909468d61ee'),('81ae9b54-dc8a-48ae-b8ff-b7fb3428d90b','XXXL',184561,'2a7e306a-beb5-493c-b52c-b909468d61ee'),('f2f304a0-68cb-4aef-b15f-2b8d5db640c4','XL',162354,'2ffac7a7-b58f-4bf7-af9a-eb6f13f35cdd'),('78651f3c-b12f-4c29-be15-0f23ff5fa5a7','S',180259,'00474ba4-da19-43a6-b980-9e2b439e992e'),('82c98ff7-44f7-401c-87dd-0d6bd8a4828f','XL',94266,'00474ba4-da19-43a6-b980-9e2b439e992e'),('e81d6005-bd78-4248-97b1-9242b4b03f83','XXL',164147,'00474ba4-da19-43a6-b980-9e2b439e992e'),('67c4be10-e478-467c-b8d5-6f84535a2b8e','XXXL',153151,'00474ba4-da19-43a6-b980-9e2b439e992e'),('152fb94c-7dab-4821-8aa4-753203a6c3c7','M',147337,'fa9be0dc-66a4-44e1-861f-dc4f8f8820df'),('843db1d0-5d2e-471c-9bb3-628c2b4204d7','XXL',50252,'fa9be0dc-66a4-44e1-861f-dc4f8f8820df'),('9071de46-1c7a-4da1-b36b-c196ef2ea177','XXXL',156728,'fa9be0dc-66a4-44e1-861f-dc4f8f8820df'),('21f5b037-329a-472c-91b6-689dfbbafa33','M',249584,'6d241735-3a58-4e62-8442-284b029ef7d0'),('f4854de0-b58f-40db-8d84-a53591b0a3de','XL',203788,'6d241735-3a58-4e62-8442-284b029ef7d0'),('5554dde9-6626-44fb-b76d-c0aecba3a7e5','XXL',208713,'6d241735-3a58-4e62-8442-284b029ef7d0'),('f9197900-9210-48bf-a222-dd8bc6b1a53c','XXXL',61878,'6d241735-3a58-4e62-8442-284b029ef7d0'),('37a7794f-9550-46fc-b10e-6725d8e31acd','M',171712,'b4f8b2b5-c138-43b2-9a6a-0b04e9a88865'),('f4f53de7-a30f-4646-91b7-0a27a40b87fd','XL',155104,'b4f8b2b5-c138-43b2-9a6a-0b04e9a88865'),('7446ce54-635e-409e-a68b-dcf2336ef89d','M',174866,'1a96ec87-888c-45cf-88fa-b415692d7915'),('003505d4-d340-47bc-909c-4269087e3e66','L',222589,'1a96ec87-888c-45cf-88fa-b415692d7915'),('1667ac40-149c-4f79-ac88-7e718aaf0366','XL',206702,'1a96ec87-888c-45cf-88fa-b415692d7915'),('d1e9115b-fbd5-4238-ad28-6812ec38c963','XXL',197308,'1a96ec87-888c-45cf-88fa-b415692d7915'),('9c207c0c-e80e-4e7f-a081-6bc7f52ea7f9','XXXL',56001,'1a96ec87-888c-45cf-88fa-b415692d7915'),('e67c5ea7-bf84-4334-b1d9-9cba6970fa08','L',210767,'022907d1-d7b1-482c-9ed2-62a289ccceee'),('22670790-825a-4e5b-a93d-bf6d16d45ec9','S',153254,'699c8984-3ac5-4f0f-9e85-59643926838b'),('1d245572-b2f0-4c3a-8268-1a8c4aba7ab8','M',95501,'699c8984-3ac5-4f0f-9e85-59643926838b'),('4a7f9000-c570-42f0-a9ad-e1e094f4d46c','XL',68758,'699c8984-3ac5-4f0f-9e85-59643926838b'),('20cf5c2d-b859-43e3-8372-b55414e689c6','S',119358,'3226d8c0-e969-4bfb-92b9-3ae065821de5'),('90755f59-b57b-4ddf-a47b-958257a55220','M',65320,'3226d8c0-e969-4bfb-92b9-3ae065821de5'),('d200a357-e9b4-4b11-b926-2abedee28c79','XL',107354,'3226d8c0-e969-4bfb-92b9-3ae065821de5'),('ffa32e0b-3612-4207-b6e7-c3afa71d6625','XXXL',247961,'3226d8c0-e969-4bfb-92b9-3ae065821de5'),('f42cf369-f757-4b9b-ae90-d9dbc4c34314','M',112511,'a058383d-382c-4cc4-a686-a714e1363489'),('e70aa4ad-cd29-427b-9043-f799b6884408','L',81171,'a058383d-382c-4cc4-a686-a714e1363489'),('28c80fc9-199f-4576-bd45-420a308194f4','XL',139404,'a058383d-382c-4cc4-a686-a714e1363489'),('307d73d4-7d38-47ae-8c17-1894b9f5ceff','S',104782,'201dffd5-bc08-499c-b345-8dd21a344bdb'),('9e713a59-ae23-4f61-b6c5-cc179e4e3f4a','M',143123,'201dffd5-bc08-499c-b345-8dd21a344bdb'),('c222c40b-a978-4d10-9ddd-71bfe116cdd2','XL',246601,'201dffd5-bc08-499c-b345-8dd21a344bdb'),('d505fba1-0639-492c-9dc8-49a35a052118','XXL',99030,'201dffd5-bc08-499c-b345-8dd21a344bdb'),('c88054af-2924-4fd0-bbbd-8c8445b11ac6','XXXL',178757,'201dffd5-bc08-499c-b345-8dd21a344bdb'),('09da5831-eb77-4915-887f-2a71b6558f13','S',236046,'b992896e-70fc-4ada-a690-ca0a40e3cb0c'),('aefafdec-22b8-480a-9abc-d9026809bed5','M',143759,'b992896e-70fc-4ada-a690-ca0a40e3cb0c'),('34dea203-c8e0-4049-bc7e-9f890e20372c','L',73570,'b992896e-70fc-4ada-a690-ca0a40e3cb0c'),('bc8c7ac8-2af2-4979-811c-6e1ec8400ec6','XXL',51811,'b992896e-70fc-4ada-a690-ca0a40e3cb0c'),('301f6dcc-2e88-4b47-bbf7-315ad274bb82','XXXL',87040,'b992896e-70fc-4ada-a690-ca0a40e3cb0c'),('23dbd4e0-72c9-4400-abc2-3aef4952a362','S',218063,'cf20eefa-360b-4fbe-a579-6023b52950e0'),('0bc0c8e8-6e37-48a9-902d-b7cbfb67b84a','XL',233776,'cf20eefa-360b-4fbe-a579-6023b52950e0'),('6d1fed64-7fb9-4760-97e3-acda6b258e2a','XXL',156325,'cf20eefa-360b-4fbe-a579-6023b52950e0'),('cf51f571-c4ce-4a7d-a9e2-683d28e20f07','S',208113,'c3b355bf-60a7-455a-bc6e-76fa8340884c'),('f640608f-9d66-436f-be85-cb97207728aa','M',74138,'c3b355bf-60a7-455a-bc6e-76fa8340884c'),('8a00e338-d81c-4f78-8218-fcd3ab08cf5d','L',221721,'c3b355bf-60a7-455a-bc6e-76fa8340884c'),('0b92058c-736a-45dc-a0ab-691e79e692b5','XL',102873,'c3b355bf-60a7-455a-bc6e-76fa8340884c'),('10c46959-dd39-4120-8ac8-a394ebb70eee','XXL',87628,'c3b355bf-60a7-455a-bc6e-76fa8340884c'),('43edc115-a5b2-491e-984e-aa8180c3a8de','XXXL',117930,'c3b355bf-60a7-455a-bc6e-76fa8340884c'),('e4763221-ecbd-40bc-b17f-f016975bf61f','M',227655,'eb9e209c-390e-4c7f-8456-2f7f1cad027b'),('ddd50623-56fe-4a06-b264-c069cefa383f','XL',73572,'eb9e209c-390e-4c7f-8456-2f7f1cad027b'),('2742a8bc-1551-4521-bf9f-bb8ebc1045ea','M',142370,'ca4a6717-b001-45d4-a740-3838519e2aa7'),('b7fa44af-6add-4f64-8028-b684d209ec10','XXL',128360,'ca4a6717-b001-45d4-a740-3838519e2aa7'),('828eff5f-8f58-4906-a4b4-12b484d8649d','M',146850,'8ad7deda-a6e2-44c4-b302-481a7b3a1d68'),('9ef36684-a19b-4ef4-992d-01d43171697c','L',158812,'8ad7deda-a6e2-44c4-b302-481a7b3a1d68'),('61b11081-42f4-43b8-a3e3-5f45cf717346','XXL',86486,'8ad7deda-a6e2-44c4-b302-481a7b3a1d68'),('2a24f831-ec83-4546-8530-b5962a7aaa98','XXXL',88376,'8ad7deda-a6e2-44c4-b302-481a7b3a1d68'),('691884c4-a46e-47bc-8f0a-c98d5c625c2d','S',111609,'63f4c517-9cdb-4edf-8301-51cf6b31e61b'),('a2f2ee45-0829-45a3-bc51-4184e77c94be','L',79540,'63f4c517-9cdb-4edf-8301-51cf6b31e61b'),('c2e6586a-83f7-4965-96df-6beef3e9d5cb','XL',241553,'63f4c517-9cdb-4edf-8301-51cf6b31e61b'),('e746c509-139f-476b-a1fe-a7d86e18bff1','XXL',88370,'63f4c517-9cdb-4edf-8301-51cf6b31e61b'),('eafcee25-9676-4cc0-9d54-325ed053866b','M',150926,'f45b01ab-19fa-42e6-b179-d6596e215905'),('21181f98-055d-4f1c-a60a-ff1dfd619f59','XL',172436,'f45b01ab-19fa-42e6-b179-d6596e215905'),('fe13ef22-d6d5-47f6-bea9-fa17a93acf9a','S',99732,'fbe9a724-0177-4ab6-983a-59d18a5bbfc0'),('c5f5ebdd-7800-4334-ad53-c28c14fb266c','L',65671,'fbe9a724-0177-4ab6-983a-59d18a5bbfc0'),('dd0cab92-9305-407c-9d00-f705efa14926','XL',240629,'fbe9a724-0177-4ab6-983a-59d18a5bbfc0'),('12a3cc52-c66b-42e6-b1a6-61bd92d885ef','M',148874,'206be075-3450-482b-b2f4-e2d96b2e3499'),('3be21824-4d16-4534-9c06-7c1e0012723d','XL',133725,'206be075-3450-482b-b2f4-e2d96b2e3499'),('cffe535e-7e97-44a1-be33-52805ef33455','XXL',241462,'206be075-3450-482b-b2f4-e2d96b2e3499'),('eb3d38ee-33df-4e9f-aa9c-503546c6f0f6','XXXL',104878,'206be075-3450-482b-b2f4-e2d96b2e3499'),('b04b82bd-9231-48ba-afb3-162d414082bc','L',80281,'b25dc772-4fc1-4f8b-ae1a-1a3a243e5937'),('4cb68c8e-e933-410a-92d8-a6959f583a4b','XL',96554,'b25dc772-4fc1-4f8b-ae1a-1a3a243e5937'),('e1a59c45-8506-46de-8030-123f806eb5f0','S',123401,'1fdf42d6-1c6f-4048-a541-2d45d32621c6'),('333e8c22-0416-4c25-9632-945980d0094c','M',141228,'1fdf42d6-1c6f-4048-a541-2d45d32621c6'),('d88cf037-b52a-46e9-b9b2-ce1b38e86b0f','L',207307,'1fdf42d6-1c6f-4048-a541-2d45d32621c6'),('3fd7128e-61a9-4fd5-8f22-1e3734eaef05','XL',245093,'1fdf42d6-1c6f-4048-a541-2d45d32621c6'),('74c4433c-30b5-457e-8cd0-d7b52de0a09d','S',187312,'bcd6206c-8732-4dd4-9110-1a7e08dd0233'),('35e3636c-5cca-4344-ae0a-302118094229','M',151625,'bcd6206c-8732-4dd4-9110-1a7e08dd0233'),('9cd6938d-fd0f-498a-8037-4649f7c2aeea','XXL',246729,'bcd6206c-8732-4dd4-9110-1a7e08dd0233'),('d4cd1665-3053-4123-bb9b-31d9fbbcb6db','XXXL',222421,'bcd6206c-8732-4dd4-9110-1a7e08dd0233'),('0ec8b805-44b3-4a2f-b660-261a43c9d2f4','S',64827,'b1743846-fe12-4e75-94d6-851cd9b44dbd'),('88a345f8-5ed2-46b4-9caa-009047a29f04','M',116980,'b1743846-fe12-4e75-94d6-851cd9b44dbd'),('32429bb8-5c38-4c8e-a2d2-3e5ba993f78a','L',104667,'b1743846-fe12-4e75-94d6-851cd9b44dbd'),('6b837361-2129-4212-a381-7133b2b2f166','XL',135378,'b1743846-fe12-4e75-94d6-851cd9b44dbd'),('8617a7c4-8caf-4f1a-914c-8b886fbaa39c','XXXL',170829,'b1743846-fe12-4e75-94d6-851cd9b44dbd'),('5a5884cf-0990-45b2-88b1-0a23ebdb7889','L',199395,'2ad1f9f9-94c3-4799-9e05-95969e15d736'),('ce1914bc-d9e2-4d82-8194-9f2d1af68008','XXXL',180696,'2ad1f9f9-94c3-4799-9e05-95969e15d736'),('f5eb3571-8253-4f65-9817-89ccb7b56af9','M',103692,'c938ddad-414e-4b35-b64a-7d7f29a4f1b3'),('8f1013a0-54e1-498d-996c-133f02cde3ce','L',58795,'c938ddad-414e-4b35-b64a-7d7f29a4f1b3'),('4b0eda86-a19e-4109-a7af-05074ed63b13','XL',156416,'c938ddad-414e-4b35-b64a-7d7f29a4f1b3'),('63d61482-4168-492d-abb8-4dde7e94d70f','M',51864,'b7db8a1a-4595-451c-957b-6977d93a8a31'),('fc7f9adf-d1d0-4975-bb0f-0b12e486af84','L',68547,'b7db8a1a-4595-451c-957b-6977d93a8a31'),('91fea909-ebdb-4f58-8418-2d88df62c54a','XXL',179847,'b7db8a1a-4595-451c-957b-6977d93a8a31'),('3a8173d0-06ac-4938-ba19-8444b143c6f8','M',117311,'a61751e5-13e1-408d-bd34-b252ebad0655'),('da9543ce-b7a4-44fc-9893-cc76dc841a60','L',205657,'a61751e5-13e1-408d-bd34-b252ebad0655'),('840e5ce0-a706-43ac-8ba9-db24792ef4f8','XL',184456,'a61751e5-13e1-408d-bd34-b252ebad0655'),('8c9e53e1-6e9b-4360-8797-ed605c033549','XXL',143990,'a61751e5-13e1-408d-bd34-b252ebad0655'),('cf279bee-38bf-46df-b447-d8e09d0e38c8','XXXL',167141,'a61751e5-13e1-408d-bd34-b252ebad0655'),('d787866b-617d-48ce-81b5-ece4ef0d9a2a','S',74716,'6a760eeb-9e94-41ce-b872-8af05ba7a0bd'),('fc6b4724-8e7f-4568-bb91-c39c2e0e6da7','XXL',233594,'6a760eeb-9e94-41ce-b872-8af05ba7a0bd'),('38f828ba-8086-4eb3-a0ef-4ed0088bd33a','XXXL',81858,'6a760eeb-9e94-41ce-b872-8af05ba7a0bd'),('67486321-f01e-4523-9ec5-8d836ee34503','S',89848,'8063eb88-981b-4b0b-809f-de8690e3a47a'),('d5a8849b-2f9d-4945-bac4-a2088a7f56da','M',248140,'8063eb88-981b-4b0b-809f-de8690e3a47a'),('e74360b5-941f-441b-bc8d-93247ba4ae2f','L',218794,'8063eb88-981b-4b0b-809f-de8690e3a47a'),('163eda9a-7b27-41cb-985d-9cabbdd1e966','XXL',138708,'8063eb88-981b-4b0b-809f-de8690e3a47a'),('8671fc89-2638-4fd3-a88a-cba1f21bcdde','S',242165,'3904309c-e3b5-4f63-a3e5-6953492774ac'),('b2319e57-3a7a-47d5-a74f-4044ccd09fd9','L',141001,'3904309c-e3b5-4f63-a3e5-6953492774ac'),('032e8f32-68af-4eba-9cfe-3c22b65c81f4','XL',243579,'3904309c-e3b5-4f63-a3e5-6953492774ac'),('0b7826fb-edd1-4702-8f94-5928b15462e0','L',109732,'dbdc98c1-b0c3-400e-a6d3-9ee0779b8787'),('3faa844f-9e88-47ac-a634-be63e0942b1c','XXL',177957,'9c9a3f74-da23-49be-90be-ed3074e9744a'),('4bcbc78a-db32-437a-867d-b50421c92e3b','XXXL',171032,'9c9a3f74-da23-49be-90be-ed3074e9744a'),('74c3e937-4e9f-4885-a604-e221e2cf07fe','S',229572,'c6e7aae2-5739-4a95-8305-9a62509adfe3'),('aab155fb-4b0e-4672-bbf0-1937fbcd8dab','XXL',83740,'c6e7aae2-5739-4a95-8305-9a62509adfe3'),('5b5e16e5-8207-4343-81c8-26d877933d91','S',65695,'d2bf7a0e-2bb1-4c12-bdb2-423ecffadc8c'),('a65a473f-fac5-4d7b-a692-5baefaf23e4f','XL',211531,'d2bf7a0e-2bb1-4c12-bdb2-423ecffadc8c'),('459df520-4398-4fd9-8c5b-f1713a49d3d5','XXXL',91343,'00e85d12-4828-4c6c-967f-2c84c339e4d8'),('4c9abef8-00a4-4a0f-8b8a-f191e9f109fd','M',57907,'7bbae466-82ee-4a0f-b410-948b5764544f'),('164cfe9a-1102-4618-a2ac-bbd0c05a3b04','XL',161263,'7bbae466-82ee-4a0f-b410-948b5764544f'),('a9a5698f-b60a-478b-b209-49bf57c921bd','XXL',173391,'7bbae466-82ee-4a0f-b410-948b5764544f'),('1837d4c0-92f8-4412-808e-f5654ed49db4','M',143548,'f5f01047-a93e-4bcb-8e02-d410a8fb2786'),('5d78927c-7275-4da8-b1aa-a68192a36afe','L',249815,'f5f01047-a93e-4bcb-8e02-d410a8fb2786'),('f7c371ef-fca1-488c-aa75-fee81110ebb4','XXXL',142846,'f5f01047-a93e-4bcb-8e02-d410a8fb2786'),('cfe78d56-50f3-4f74-b8e3-cac114e306f9','S',243944,'7239fad9-7a0f-4470-962b-77381874b80b'),('b0d804cd-1e22-4c2f-b0a3-4161dc64602c','XL',156410,'7239fad9-7a0f-4470-962b-77381874b80b'),('6e673c02-7e89-4ea5-b9ef-34ae73e44cc8','XXL',120810,'7239fad9-7a0f-4470-962b-77381874b80b'),('548fc9bf-c801-42f9-88dc-aee2b5318c4c','XXXL',137835,'7239fad9-7a0f-4470-962b-77381874b80b'),('4e9e01a3-57e5-4c1a-876d-e01b1f4ed94b','L',191287,'975b8db1-6416-4c38-80a0-ef8940cd6a05'),('19987fe7-8730-48cb-ac4a-bd8a6552841e','XXL',227122,'975b8db1-6416-4c38-80a0-ef8940cd6a05'),('d2425633-e1c4-46d3-96c3-da027fb2dde2','S',194387,'ce5e386b-5de5-4ce5-8268-856ace3dd947'),('7afa862b-b002-430b-8c99-133b7bc808a6','L',233827,'ce5e386b-5de5-4ce5-8268-856ace3dd947'),('2edb74f5-2783-4f01-b5d8-0dbe4fa3fc88','XL',102483,'ce5e386b-5de5-4ce5-8268-856ace3dd947'),('3b9d45f4-ebfd-4638-a56c-bbd39cf57051','XXL',137766,'ce5e386b-5de5-4ce5-8268-856ace3dd947'),('772c0ad1-fca7-43f2-bed8-a80ce9c46eef','XXXL',208821,'ce5e386b-5de5-4ce5-8268-856ace3dd947'),('d5c5c41d-24b6-4c26-a903-2eefb3c41c94','S',93046,'e187f9e1-b222-4ef0-bb3b-9c4aef9221b7'),('9cdc3228-6f44-45e0-9e37-4034976846b7','XL',161839,'e187f9e1-b222-4ef0-bb3b-9c4aef9221b7'),('026f17f0-d2a7-483a-9b5a-c2daadcf8fdb','XXXL',141837,'e187f9e1-b222-4ef0-bb3b-9c4aef9221b7'),('546195d2-0916-458d-aba9-a2881465b3c5','S',60922,'cce77f2a-442f-459b-8e4c-9f27f70d6b43'),('d067097f-b688-4397-828a-eb0b04c1d774','L',59848,'cce77f2a-442f-459b-8e4c-9f27f70d6b43'),('da462c50-243c-466b-9cc4-4176e3101cda','XXL',150757,'cce77f2a-442f-459b-8e4c-9f27f70d6b43'),('97948b09-b10a-4313-8b21-c7448d5fbb06','S',62630,'923c69dc-3792-432a-9933-447bbb7a32c8'),('c7c2fe6a-4efb-4e85-95bd-820141fd6499','L',232964,'923c69dc-3792-432a-9933-447bbb7a32c8'),('0ee334c7-f1aa-4468-ae29-b8b69a98fe29','XXL',146956,'923c69dc-3792-432a-9933-447bbb7a32c8'),('87ab4f0b-523d-4d8c-9df5-0142e969c2dd','XXXL',98354,'923c69dc-3792-432a-9933-447bbb7a32c8'),('e4737ea1-9742-48d9-bb55-8b3f58efb15c','M',117396,'21646a00-f2d9-4c10-8b18-3f9bd7bbdad6'),('39d126f4-60ca-4594-9d79-ea75035256d9','XL',215222,'21646a00-f2d9-4c10-8b18-3f9bd7bbdad6'),('b06af0de-a843-417d-82d0-49be5acb2ab9','XXL',231164,'21646a00-f2d9-4c10-8b18-3f9bd7bbdad6'),('8bd5b74b-7279-4920-9c68-3ff08b2c109a','S',54994,'a1d873b2-2e14-4704-a8e8-e000c15d03bc'),('d6c0b626-cace-4076-8b4f-460d2964de80','M',163533,'a1d873b2-2e14-4704-a8e8-e000c15d03bc'),('796fa851-9463-4cfe-adb7-cb8561ea39d4','XXL',95073,'a1d873b2-2e14-4704-a8e8-e000c15d03bc'),('c6336e6e-91a2-4e98-9fff-db8170d6c2cf','S',51521,'cb565296-2f11-41a1-9df9-215230cdecb0'),('b5ec7097-5081-4473-97da-274f0d088b89','XL',189503,'cb565296-2f11-41a1-9df9-215230cdecb0'),('92dcc882-869b-40c6-8d7a-c115338a2f16','XXL',206363,'cb565296-2f11-41a1-9df9-215230cdecb0'),('724140d4-2f3a-4069-9f3a-6da14c82d19b','XXXL',149638,'cb565296-2f11-41a1-9df9-215230cdecb0'),('9ff21852-17a7-42c3-af42-80fecaf56635','L',129211,'a9de8d00-43b4-4f06-ba39-44a73834a957'),('6f989c51-e30d-4ff9-b5fb-0b97ee891844','XL',112720,'a9de8d00-43b4-4f06-ba39-44a73834a957'),('4f0693c3-ccfc-4620-a977-905d3f4b8a19','S',238962,'a9d3b5fe-6433-4d0b-9e47-0172cf85efed'),('6de86e00-bd23-4e5d-84a2-584d71b08fe5','L',248090,'a9d3b5fe-6433-4d0b-9e47-0172cf85efed'),('84f79309-7230-459c-91d4-6f62600c70db','XL',219486,'a9d3b5fe-6433-4d0b-9e47-0172cf85efed'),('71186495-ee97-4533-9ef1-f7cdecf8c62b','XXL',115751,'a9d3b5fe-6433-4d0b-9e47-0172cf85efed'),('cc363f05-ebaa-4ff8-8c35-733386061989','S',225924,'89967560-2d4b-450a-8f2f-00d03376f72a'),('208e750f-6e8b-4f1a-a247-f3707089cac9','M',198159,'89967560-2d4b-450a-8f2f-00d03376f72a'),('9d739761-656d-4e6f-91de-3599ec35850d','XXL',193607,'89967560-2d4b-450a-8f2f-00d03376f72a'),('5399393c-e0fb-4fee-a52b-3efe57871ce5','XXXL',162720,'89967560-2d4b-450a-8f2f-00d03376f72a'),('774dc179-5631-47eb-8d32-b4e664b675ba','XL',87070,'c78f1975-2928-450e-b44b-1dc6cdeacd52'),('07d8564d-4ac9-468f-ae11-55ab5443708a','S',168068,'ce4b47e0-791f-4a61-93d3-b1857da2ba49'),('a98277de-ca71-4a2f-a242-968bc79824cf','L',209518,'ce4b47e0-791f-4a61-93d3-b1857da2ba49'),('8fae50a7-c1f2-440e-b6b9-bc6374e181c0','XL',132311,'ce4b47e0-791f-4a61-93d3-b1857da2ba49'),('f01d985c-d0ea-4082-845e-9662e15ab849','XXL',222012,'ce4b47e0-791f-4a61-93d3-b1857da2ba49'),('cac299a7-184c-4060-84d3-880108c4042f','S',131759,'42885482-eacc-4c5c-936b-24ddcdd0c810'),('8b3b5bff-42a0-4a69-8059-b8c7425e11ee','M',70773,'42885482-eacc-4c5c-936b-24ddcdd0c810'),('9b26f803-7ff4-4c35-8ee9-66e80cd4cf1c','XL',111279,'42885482-eacc-4c5c-936b-24ddcdd0c810'),('e9dfa075-67b0-4acc-99ea-86faec3627ce','XXL',248837,'42885482-eacc-4c5c-936b-24ddcdd0c810'),('fa1bb738-2e06-4519-a9be-bc4ab9bc22ac','XXXL',239722,'42885482-eacc-4c5c-936b-24ddcdd0c810'),('aebc4ffd-f3c7-481f-a457-958213201944','S',72888,'771b8f65-c9f6-4675-9c99-e7be170fc31c'),('7b6f83d5-f02e-4800-8e4e-b3d8befd199b','L',107129,'d6f3577e-8d4c-42de-b262-e1e6914d091c'),('373c6a5d-b6e7-45b4-a3ca-2e205aa2653b','M',165782,'e376dda1-e665-438e-9263-45c36d6db019'),('e87caa38-331a-495a-8b95-6fbd19957ddc','L',54414,'e376dda1-e665-438e-9263-45c36d6db019'),('8c59529b-eb21-4354-9648-ad3cc496432a','XXXL',206018,'e376dda1-e665-438e-9263-45c36d6db019'),('a72736d1-b798-4213-b76d-4b9e5f200e6a','S',236223,'9c1564fa-97a8-4ee6-b11f-ec6fa351c589'),('1ac00677-9fd9-434c-876f-8663f687919a','XL',136619,'9c1564fa-97a8-4ee6-b11f-ec6fa351c589'),('65f5aac8-1348-4cec-b015-0a8079f8ec98','M',77345,'259cae4d-35bd-4737-a183-c6cb2f220ffc'),('da6f90f9-214f-472c-ae2a-e4789a61b808','L',221152,'259cae4d-35bd-4737-a183-c6cb2f220ffc'),('ddc134f5-61e7-4bd4-aa79-3e1be3848d23','XL',60845,'259cae4d-35bd-4737-a183-c6cb2f220ffc'),('ef284994-1432-4cc1-88af-420fca0ffc96','XXXL',92770,'259cae4d-35bd-4737-a183-c6cb2f220ffc'),('2906c9b7-9427-4fcf-a24b-f595d5c5890f','M',79340,'b29a4cb0-f051-4375-a16d-a56af9df4d6e'),('73c1b2e1-6d5d-4c0b-9a72-a72d6b2ce6b1','XXL',244476,'b29a4cb0-f051-4375-a16d-a56af9df4d6e'),('41714c7b-5013-4e68-ac84-a6ab8ced9c52','S',102368,'84a6c622-0543-4459-958f-f887a284944a'),('610e491b-e672-465c-990c-d1f08b4034ca','M',199715,'84a6c622-0543-4459-958f-f887a284944a'),('8d1d4ce9-fb23-4102-b618-5598824ce657','L',232637,'84a6c622-0543-4459-958f-f887a284944a'),('f307dae0-ddf1-4d25-bba1-528e964c1445','XL',89553,'84a6c622-0543-4459-958f-f887a284944a'),('8eab226c-a7c0-4a1d-ba13-7b1e4cb267a6','XXL',204369,'84a6c622-0543-4459-958f-f887a284944a'),('5d274ede-edf0-4019-b0f0-1ea13b64efeb','XXXL',146626,'84a6c622-0543-4459-958f-f887a284944a'),('add46d53-5737-4cc2-b6a4-414bf3419dd8','M',218738,'ee7dfb65-59de-4430-bbd9-43093e46d88d'),('dabd8e7e-c67f-42d5-a332-702cae38de07','XL',249843,'ee7dfb65-59de-4430-bbd9-43093e46d88d'),('8ed1e454-38bc-4da2-a09c-381932a8d724','XXXL',189176,'ee7dfb65-59de-4430-bbd9-43093e46d88d'),('a1dc99f8-4364-4d18-98a9-21e82cd994bc','M',162591,'742375f8-1258-464e-af41-c61c4b2ddc0e'),('7350de1c-91a1-478d-866a-0dbcfeaf099c','L',132243,'742375f8-1258-464e-af41-c61c4b2ddc0e'),('77b64867-35c6-473d-b71b-16ca58243431','S',154109,'1c6a2a96-cb39-42b5-9314-6c5bef67f525'),('d4ce475f-95cf-4607-8103-2eff1af841b5','L',117060,'1c6a2a96-cb39-42b5-9314-6c5bef67f525'),('d6a5cf36-6f0a-4edb-b617-d61f7e4ca90b','XXXL',166281,'1c6a2a96-cb39-42b5-9314-6c5bef67f525'),('b944787c-b768-4064-b44b-40f43632cc9b','L',117040,'4e636945-bf0c-40f1-9a25-43e7a1047ecc'),('454126b7-01e5-45f6-83e0-1027b9e0d609','XXXL',190357,'3f691de0-7699-4f8c-a372-bcbe275c49e7'),('73322b61-6749-4b42-9e3e-05f08f198293','S',91425,'65a2f2d3-8e40-4326-a0aa-79175fd445ac'),('184171e2-3b4c-479c-9b38-83aaba5db202','M',205657,'4639808a-482f-47bb-bd47-b17632b824df'),('3524d1ed-80d3-469b-b9d7-0b0e9a6eec3f','L',185697,'4639808a-482f-47bb-bd47-b17632b824df'),('877dd9d9-1981-4b23-98fc-27a50cf2a65f','XXL',176934,'4639808a-482f-47bb-bd47-b17632b824df'),('af63ae06-ef9d-4811-807d-1f269c87804b','S',101331,'0675e28f-dd1b-40f4-bb2f-df5c3fd4b223'),('48017fe6-3a09-48a5-b183-dc6226956701','XXL',243641,'0675e28f-dd1b-40f4-bb2f-df5c3fd4b223'),('e6591cfb-aaed-4cf9-9326-398b583c2360','XXXL',92185,'0675e28f-dd1b-40f4-bb2f-df5c3fd4b223'),('b3b218f7-4894-40fe-9822-cd972c64c9ae','S',105525,'b14b1a95-d276-4d4b-8dad-32a388cb48ee'),('baa664eb-9d15-47cd-b99a-94be4abab500','M',60547,'b14b1a95-d276-4d4b-8dad-32a388cb48ee'),('d03b752b-f7f2-42ad-9aad-79ea17115200','L',242880,'b14b1a95-d276-4d4b-8dad-32a388cb48ee'),('616f9ebd-a172-4745-9e9a-965473d6bdb8','XL',163227,'b14b1a95-d276-4d4b-8dad-32a388cb48ee'),('aec3fe34-affc-4403-82a8-c1f99c16139c','XXL',190767,'b14b1a95-d276-4d4b-8dad-32a388cb48ee'),('4322d5c5-ba2b-4c27-b26c-ac98119008f1','S',138115,'b1563d5b-36b5-4c82-86b5-ae7913b394a7'),('e8c8d399-b74c-4b6b-b1d4-d8cadda444b0','XL',62167,'b1563d5b-36b5-4c82-86b5-ae7913b394a7'),('18bafd1e-6a5b-4f06-86d6-644919e404f8','S',202723,'ae04bfcd-6caa-42f3-a274-e85f1c853a99'),('abea9dbb-6c49-4612-a225-55c36f3c8447','M',64967,'ae04bfcd-6caa-42f3-a274-e85f1c853a99'),('97d8262d-909f-4b24-842e-b9e94092c4f8','L',242325,'ae04bfcd-6caa-42f3-a274-e85f1c853a99'),('b013f1ea-8aac-4cb3-a315-65e27011a01b','XL',190099,'ae04bfcd-6caa-42f3-a274-e85f1c853a99'),('83e9106e-365b-49a3-99ac-e744a30816a9','XXL',183814,'ae04bfcd-6caa-42f3-a274-e85f1c853a99'),('86d3c1b3-9023-4945-8a68-adb362267887','S',75567,'3d1f6114-9904-4c5b-b425-92811eb685cc'),('a6a54f49-b3ca-42da-bba2-da9a84905e2d','XL',166540,'3d1f6114-9904-4c5b-b425-92811eb685cc'),('9ee1278f-ed91-456f-b013-eff411f8c199','XXXL',210796,'3d1f6114-9904-4c5b-b425-92811eb685cc'),('92d1fa18-2a8d-4311-9e02-3bd942404c49','L',249769,'81bcc91c-835e-499e-b045-421a00ab4230'),('3630a93c-4a90-465b-a86e-f7f218974c05','XL',65499,'81bcc91c-835e-499e-b045-421a00ab4230'),('c62f20eb-d699-4a69-b7c2-d38ed97636b4','XL',146439,'9fb21d81-98ff-44a6-8347-7d57e2e12b96'),('2a44d3d6-4c45-4ba8-82cf-671b7fa19e85','XXXL',247041,'9fb21d81-98ff-44a6-8347-7d57e2e12b96'),('a375a524-68be-498a-8bd1-735c3d246c6c','XXXL',223659,'b159fd59-8a59-4103-9f93-422176e0c64e'),('5733b995-bba6-4a22-9104-d38f3a3814a0','S',138184,'acde1d89-b47d-40be-bf6c-3a95543989c9'),('7e33407a-0656-4d0f-b961-7924648c20d7','M',118915,'acde1d89-b47d-40be-bf6c-3a95543989c9'),('bd9a444b-5ce4-4c69-9520-194afa230d3f','XL',86058,'acde1d89-b47d-40be-bf6c-3a95543989c9'),('7056c6ab-980b-49c3-bafa-b7fc4e978f34','XXL',179922,'acde1d89-b47d-40be-bf6c-3a95543989c9'),('fbe41a25-74a9-422f-abe0-6e1c138396a7','XXXL',220056,'acde1d89-b47d-40be-bf6c-3a95543989c9'),('602ceac5-5c8e-45f3-8b61-4b8ed0f52b49','S',168792,'f090ef95-e7e9-415e-a1be-54aa9671ab24'),('c1c56926-4413-493d-8bb5-9805d723f12b','XL',71277,'f090ef95-e7e9-415e-a1be-54aa9671ab24'),('862f68f0-d8c0-461b-923d-5bdfa9624a49','XXL',225179,'f090ef95-e7e9-415e-a1be-54aa9671ab24'),('88737871-9301-4433-af22-36e60e36f9ef','XXXL',85834,'f090ef95-e7e9-415e-a1be-54aa9671ab24'),('b499e338-e714-409e-b42b-600a728858fe','S',220493,'e243259a-97c3-4ba4-b5f7-76d20edd04f0'),('285b3e02-abfe-459e-8756-a9a76b444cee','XXL',170884,'e243259a-97c3-4ba4-b5f7-76d20edd04f0'),('0cad3e0e-0053-45ed-a151-7e61a831d1db','S',241452,'1ca1243a-20f6-46cc-b445-ec4709ed6a6a'),('30c08843-9624-4d67-8535-55dcb0169ef6','M',119159,'1ca1243a-20f6-46cc-b445-ec4709ed6a6a'),('a270a27a-e56d-453c-86e8-1b8014447885','XL',77826,'1ca1243a-20f6-46cc-b445-ec4709ed6a6a'),('5b4c4942-6dba-441c-abef-4acfed9c6093','XXL',77346,'1ca1243a-20f6-46cc-b445-ec4709ed6a6a'),('67037224-f257-4e4f-9040-34f2e9705847','M',228198,'c27dae12-88aa-4c8b-9863-2964cac68782'),('b56b47df-f854-4b13-b645-bfb2e77802f6','L',89805,'c27dae12-88aa-4c8b-9863-2964cac68782'),('50c71fe6-b177-4477-8e26-3b3ba90b3e94','XXL',116069,'c27dae12-88aa-4c8b-9863-2964cac68782'),('652fa58a-2b49-4b03-ba3f-987bfba23cde','S',108756,'b3309d74-b957-4731-aac0-4bdd66c681dc'),('c034486b-2879-4d26-9131-599941c06e76','L',144771,'b3309d74-b957-4731-aac0-4bdd66c681dc'),('e8b9d79e-ed66-4246-b098-275752548d5a','XL',80036,'b3309d74-b957-4731-aac0-4bdd66c681dc'),('4fce46c3-192b-4ea7-8392-25f6fd51bcbc','XXL',112330,'b3309d74-b957-4731-aac0-4bdd66c681dc'),('5ca8c4c0-d5c7-4f9c-919f-e9a3b09e50c1','XXXL',172390,'b3309d74-b957-4731-aac0-4bdd66c681dc'),('b00fd6a7-19b1-4f4a-af3b-aafbb4acae00','L',141733,'9bc731d9-cf1f-4560-be20-37d0425b926d'),('4470f224-8a7b-4c72-94db-4d68b53adac6','XXXL',122553,'9bc731d9-cf1f-4560-be20-37d0425b926d'),('55c97861-b95c-4fa2-8892-6d446751dc6c','M',246940,'06555c6c-b5e4-4827-8c70-fe1068c399de'),('b5790825-7088-4f7b-9c5f-2ca7433ff2bc','S',192713,'d0bea70b-c99f-4e40-b28f-9a18e86af7d7'),('fe7a4cd6-a124-4a6e-bdf5-b3982e845cff','M',200310,'d0bea70b-c99f-4e40-b28f-9a18e86af7d7'),('bd4b2d43-048d-4e02-a5ba-59e4ecb4efee','L',164822,'d0bea70b-c99f-4e40-b28f-9a18e86af7d7'),('49c654d8-e075-488d-b230-4477821f6968','XL',111562,'d0bea70b-c99f-4e40-b28f-9a18e86af7d7'),('36bbbf66-b73f-4b65-9c01-0f0efd31473b','XXXL',116709,'d0bea70b-c99f-4e40-b28f-9a18e86af7d7'),('b9532729-a498-439a-8eb3-3cd554848ff8','XXL',122867,'39694aa1-dd82-4221-947d-dec2ded2e708'),('97b34ad8-2913-440e-bc7b-f109011af649','M',138381,'5afd764f-105e-43da-9508-734893105413'),('45836b44-ffbe-4aa4-b5f7-a3482a6d552a','XXL',171285,'5afd764f-105e-43da-9508-734893105413'),('6fd2ab02-a920-41e0-85af-20aadb2fd536','XXXL',131297,'5afd764f-105e-43da-9508-734893105413'),('0e96279f-492b-4acf-9b00-6cdd1bed9337','M',142536,'20d1b341-dd55-4fef-84e3-c40857baf559'),('30296818-d689-402b-8bc1-6bf2880244ee','XXXL',199446,'20d1b341-dd55-4fef-84e3-c40857baf559'),('eb25b917-64f6-4c32-90ab-01d17997e217','S',203600,'51cf31b2-c2f1-4b74-a090-92194a07233b'),('f6faafe0-f9c2-4d5d-ae85-f177ec6535d3','M',198482,'51cf31b2-c2f1-4b74-a090-92194a07233b'),('91a5e75c-70eb-4284-80e7-e5c3eedb3b7d','L',176182,'51cf31b2-c2f1-4b74-a090-92194a07233b'),('a338ff5c-b9ae-43a2-b4a2-f78654ea120a','XL',221399,'51cf31b2-c2f1-4b74-a090-92194a07233b'),('b2bdb206-8b9c-4af0-b713-cff013e4794b','XXL',120476,'51cf31b2-c2f1-4b74-a090-92194a07233b'),('77e56417-0486-4755-b934-87d9031723c7','XXXL',200516,'51cf31b2-c2f1-4b74-a090-92194a07233b');
/*!40000 ALTER TABLE `sizes` ENABLE KEYS */;
UNLOCK TABLES;
/*!40103 SET TIME_ZONE=@OLD_TIME_ZONE */;

/*!40101 SET SQL_MODE=@OLD_SQL_MODE */;
/*!40014 SET FOREIGN_KEY_CHECKS=@OLD_FOREIGN_KEY_CHECKS */;
/*!40014 SET UNIQUE_CHECKS=@OLD_UNIQUE_CHECKS */;
/*!40101 SET CHARACTER_SET_CLIENT=@OLD_CHARACTER_SET_CLIENT */;
/*!40101 SET CHARACTER_SET_RESULTS=@OLD_CHARACTER_SET_RESULTS */;
/*!40101 SET COLLATION_CONNECTION=@OLD_COLLATION_CONNECTION */;
/*!40111 SET SQL_NOTES=@OLD_SQL_NOTES */;

-- Dump completed on 2024-01-30 15:26:53
